{
    "AVERAGE_MSE": 0.04728368325622665,
    "cognitiveData": "dundee",
    "feature": "Re-read_prob",
    "folds": [
        {
            "ACTIVATION": "relu",
            "BATCH_SIZE": 128,
            "EPOCHS": 30,
            "INPUT_DIM": 100,
            "LAYERS": [
                30
            ],
            "LOSS: ": [
                0.17910626386642803,
                0.08563708546403256,
                0.07162320070591635,
                0.06253381171646312,
                0.056136981071959746,
                0.051115617613373555,
                0.04749951394352944,
                0.04468895964307718,
                0.04283032775292882,
                0.04100775812769917,
                0.039710293538136085,
                0.03868233595442119,
                0.03779672665509428,
                0.037276370933086944,
                0.0363723610647694,
                0.03588783767807183,
                0.03531650209707989,
                0.03494443055052561,
                0.034568781757000094,
                0.03400778554982176,
                0.03368617894177494,
                0.03351308580821612,
                0.03296912538696178,
                0.03278622438879552,
                0.03251789282859042,
                0.03209057597231299,
                0.03172708407610178,
                0.03163613040921297,
                0.03151918252254131,
                0.031036967810705147
            ],
            "MSE_PREDICTION:": 0.048188710861334735,
            "VALIDATION_LOSS: ": [
                0.10008335786837119,
                0.08178447940677562,
                0.07316160135798984,
                0.06614244881445769,
                0.06145009388999333,
                0.057444273613432725,
                0.05498637512878135,
                0.05276101906069372,
                0.05105681440265721,
                0.04961655902720633,
                0.04852631793372215,
                0.047668598564686596,
                0.046911450530643814,
                0.04619093593308535,
                0.04595746915176432,
                0.045622708514411615,
                0.04551844566114365,
                0.04569557340293334,
                0.04534539775873618,
                0.04531360150723861,
                0.04528746007690354,
                0.04532837390347763,
                0.045215432653351435,
                0.0454893884322946,
                0.04537207430632657,
                0.04552088294710432,
                0.04582067271546712,
                0.04598060871952425,
                0.046158226035417076,
                0.04620359008589749
            ]
        },
        {
            "ACTIVATION": "relu",
            "BATCH_SIZE": 128,
            "EPOCHS": 30,
            "INPUT_DIM": 100,
            "LAYERS": [
                30
            ],
            "LOSS: ": [
                0.2870996972310163,
                0.11622111772730767,
                0.0926277105729642,
                0.07919763435451564,
                0.06935812269780652,
                0.0619208755646552,
                0.05621467041447296,
                0.0522127052549017,
                0.04862755483930815,
                0.04584371338717078,
                0.043836060461957455,
                0.04216917105958424,
                0.04074577049637207,
                0.039610542644286914,
                0.038580464502028455,
                0.03790622723342676,
                0.03707606321586859,
                0.03646181038634923,
                0.03578671581283229,
                0.035388340012179366,
                0.03493350957297178,
                0.03455314277579488,
                0.03403676610589343,
                0.033550942866401486,
                0.033378399015783884,
                0.032900158603708804,
                0.03265031699728423,
                0.03245081435009307,
                0.03213510021048889,
                0.03179781451744446
            ],
            "MSE_PREDICTION:": 0.04633546555845595,
            "VALIDATION_LOSS: ": [
                0.14764472705031198,
                0.10667973638526977,
                0.09255972764006368,
                0.08258194526825002,
                0.0752363437698001,
                0.06950951366828233,
                0.06493728480562962,
                0.061269921091971574,
                0.05843448314874891,
                0.05612597317291946,
                0.05443470340478357,
                0.05300455956705033,
                0.05153168834075726,
                0.05065974789085211,
                0.049853759144664445,
                0.04931887312540932,
                0.048448830590677006,
                0.04799910532261329,
                0.047524100983584366,
                0.047356924627508436,
                0.04730856775764435,
                0.0473371239960509,
                0.04682255540654142,
                0.04686788310291906,
                0.04671842024597541,
                0.04685410897804316,
                0.0472118055260686,
                0.04689475174145724,
                0.0473056470945714,
                0.04757357685575409
            ]
        },
        {
            "ACTIVATION": "relu",
            "BATCH_SIZE": 128,
            "EPOCHS": 30,
            "INPUT_DIM": 100,
            "LAYERS": [
                30
            ],
            "LOSS: ": [
                0.23221277022960957,
                0.09626957718972806,
                0.07868307163475682,
                0.06849368892649495,
                0.06101871727320252,
                0.05545368648710705,
                0.05142201764716042,
                0.04835861085189713,
                0.045563192953350685,
                0.04369885576149774,
                0.042053847787556824,
                0.04068433357373116,
                0.03964507070483354,
                0.03869966896122726,
                0.037937361624821156,
                0.03734532606112894,
                0.036613233355933396,
                0.03621547013797142,
                0.03573209490410235,
                0.03515304624245911,
                0.034705324638536365,
                0.0344092390366963,
                0.03416901258406816,
                0.03386427018219832,
                0.03333958850769454,
                0.032990360638451954,
                0.03269289368911395,
                0.03238701151792334,
                0.032293616960603726,
                0.032098509954712376
            ],
            "MSE_PREDICTION:": 0.04539420740530883,
            "VALIDATION_LOSS: ": [
                0.12145846725771667,
                0.09217638272457022,
                0.081370665117231,
                0.07407274584448527,
                0.06796877716899549,
                0.0639731740983075,
                0.060411719362887126,
                0.05735175389619101,
                0.055307766905537355,
                0.053469290765662675,
                0.05205304651033311,
                0.050776245701249945,
                0.04990297125445472,
                0.04911768049317062,
                0.04889754311196388,
                0.048454336849627674,
                0.04799883074703671,
                0.047661466447133864,
                0.04725245335508907,
                0.04700035991728621,
                0.04665559459300268,
                0.04650191374162518,
                0.04696184739707008,
                0.04652882538459919,
                0.046487382095721036,
                0.046811153968332936,
                0.04701721282705428,
                0.04734930506064778,
                0.047307071681060485,
                0.04741851685854493
            ]
        },
        {
            "ACTIVATION": "relu",
            "BATCH_SIZE": 128,
            "EPOCHS": 30,
            "INPUT_DIM": 100,