{
    "AVERAGE_MSE": 0.0788325626538268,
    "cognitiveData": "ucl",
    "feature": "RTrightbound",
    "folds": [
        {
            "ACTIVATION": "relu",
            "BATCH_SIZE": 128,
            "EPOCHS": 30,
            "INPUT_DIM": 100,
            "LAYERS": [
                50
            ],
            "LOSS: ": [
                0.40314928433223657,
                0.2410174646180193,
                0.16771841864741938,
                0.12413110955320175,
                0.09765134232141266,
                0.08076842443974498,
                0.07032541838055528,
                0.06240102182356569,
                0.05645599225238867,
                0.05148933413341166,
                0.04730394047790497,
                0.04324022717405074,
                0.040060284773934925,
                0.03694680363157041,
                0.03404567872222238,
                0.03163929370706296,
                0.029218626357164188,
                0.027161491489728424,
                0.025340460060518828,
                0.023766022710369365,
                0.022220452159348102,
                0.020725950602814965,
                0.019215533618453573,
                0.017929671964391953,
                0.016625934830642376,
                0.015630409762886228,
                0.014562722351873341,
                0.013616944649395082,
                0.012793882598340248,
                0.012004865538349377
            ],
            "MSE_PREDICTION:": 0.09277116756497192,
            "VALIDATION_LOSS: ": [
                0.32085063216979043,
                0.24851392863089578,
                0.20827869652656086,
                0.18098803387399306,
                0.1606624641439371,
                0.14737915862024875,
                0.13630095098102302,
                0.12843477752125054,
                0.12343722869429671,
                0.11866642743871923,
                0.11489128556690718,
                0.11115170832265887,
                0.109156604137337,
                0.10697999295958302,
                0.10543614547503621,
                0.10353704659562361,
                0.10185734966867849,
                0.10073962454733096,
                0.10014818857113521,
                0.09907188188088567,
                0.0984185757605653,
                0.09688668828784373,
                0.0950941354559179,
                0.09298581028716606,
                0.09161145592990674,
                0.09120304202824309,
                0.091210188311443,
                0.09077359788250505,
                0.08975942994941745,
                0.08916938840820078
            ]
        },
        {
            "ACTIVATION": "relu",
            "BATCH_SIZE": 128,
            "EPOCHS": 30,
            "INPUT_DIM": 100,
            "LAYERS": [
                50
            ],
            "LOSS: ": [
                0.4947224816407832,
                0.27879812605310195,
                0.18226928366358394,
                0.13625074978774399,
                0.10646876272293601,
                0.08659248290905203,
                0.07445500313424237,
                0.06628009160556415,
                0.05949752213898534,
                0.05447671014909828,
                0.05033333137696988,
                0.046164826845506365,
                0.04297749330141101,
                0.040104581901703205,
                0.037116959851903164,
                0.03461631703855443,
                0.03242986784106565,
                0.030294192379096686,
                0.028187067320670757,
                0.02625698621135832,
                0.024457894532036596,
                0.02282218478529891,
                0.021471997225048518,
                0.020052474824049815,
                0.01895390320425839,
                0.01768832467598851,
                0.01660711968284842,
                0.015598143778774146,
                0.014589559807307912,
                0.013843843549473583
            ],
            "MSE_PREDICTION:": 0.08932748982933902,
            "VALIDATION_LOSS: ": [
                0.3936793145380522,
                0.27592913675726505,
                0.219819225240172,
                0.1840465466181437,
                0.15908907170881303,
                0.1425384620302602,
                0.13250185575401574,
                0.12566905926194108,
                0.12113112890929506,
                0.11844213346117421,
                0.11509866097517181,
                0.11189597479084082,
                0.1101755831848111,
                0.10878950801857731,
                0.10814709477780159,
                0.1072007411143236,
                0.10701393218416917,
                0.1064095303677676,
                0.1048618464877731,
                0.1031952705561069,
                0.1017462077893709,
                0.10070377849695976,
                0.09974815291270875,
                0.09860011830664518,
                0.09827009575408802,
                0.09846780305368859,
                0.09808220335266046,
                0.09760784632281254,
                0.09703966583076276,
                0.0966983914636729
            ]
        },
        {
            "ACTIVATION": "relu",
            "BATCH_SIZE": 128,
            "EPOCHS": 30,
            "INPUT_DIM": 100,
            "LAYERS": [
                50
            ],
            "LOSS: ": [
                0.8366002680181147,
                0.5160082671668503,
                0.31716959993917865,
                0.20008001147390722,
                0.13570025348728829,
                0.10442946355093967,
                0.08639476874044963,
                0.07364102793591364,
                0.06462998031587391,
                0.05775034527529727,
                0.05262078197447808,
                0.048496471525548576,
                0.045311134791636204,
                0.04246969768306711,
                0.040185620676685165,
                0.03807967320739568,
                0.03597364599233145,
                0.03425736058871825,
                0.032512605583274755,
                0.030808760737488557,
                0.029359506037864056,
                0.027788316732743283,
                0.026405123662162612,
                0.025180805593237772,
                0.023965623933862854,
                0.022833071765745734,
                0.021769617499967853,
                0.020722406064825397,
                0.019773131997866945,
                0.018873366553868565
            ],
            "MSE_PREDICTION:": 0.06516505728782215,
            "VALIDATION_LOSS: ": [
                0.5466439514829401,
                0.35613249582156803,
                0.23796870441813217,
                0.173017172698389,
                0.14073953842907622,
                0.12299060076475143,
                0.10933442988939453,
                0.10032463635791812,
                0.09323861410743312,
                0.08807861530467083,
                0.0844791842657223,
                0.08216485551051926,
                0.08023263749323394,
                0.07834602539476596,
                0.07706959114262932,
                0.07585942052435457,
                0.07499621507891438,
                0.07446666898434623,
                0.07421645378334481,
                0.07365435048153526,
                0.0732009468371408,
                0.07233108279474995,
                0.07213507122115086,
                0.07197067134997301,
                0.071458077221586,
                0.07107194728757206,
                0.07047011794751151,
                0.06962164961978008,
                0.06869968902646449,
                0.06842091470433954
            ]
        },
        {
            "ACTIVATION": "relu",
            "BATCH_SIZE": 128,
            "EPOCHS": 30,
            "INPUT_DIM": 100,
            "LAYERS": [
                50
            ],