{
    "AVERAGE_MSE": 0.06164805366992356,
    "cognitiveData": "provo",
    "feature": "IA_FIXATION_COUNT",
    "folds": [
        {
            "ACTIVATION": "relu",
            "BATCH_SIZE": 128,
            "EPOCHS": 30,
            "INPUT_DIM": 100,
            "LAYERS": [
                30
            ],
            "LOSS: ": [
                0.4106973393805849,
                0.26481303173927256,
                0.183039899998525,
                0.1378918397487948,
                0.1090279072011928,
                0.08833579443024525,
                0.07363684449223466,
                0.06319250946618477,
                0.05547069278937057,
                0.04971167860523914,
                0.04505376176553975,
                0.041505092253355795,
                0.03841683858970426,
                0.0358966170693548,
                0.03367336497260306,
                0.03179684159302793,
                0.030122403045844664,
                0.0286108315099625,
                0.027228236072225492,
                0.025922363352407517,
                0.024742042607472856,
                0.02361893117760099,
                0.022639287485522228,
                0.021654741554225494,
                0.02069367278737893,
                0.019815483790268006,
                0.01894300164555808,
                0.018234591702667047,
                0.01751857699816775,
                0.0167964730223267
            ],
            "MSE_PREDICTION:": 0.045557508781217886,
            "VALIDATION_LOSS: ": [
                0.2973621683577969,
                0.20754172418215502,
                0.15985282071649212,
                0.13226562340373862,
                0.11354594769543164,
                0.09935643554550327,
                0.08948737617633114,
                0.08227760834644919,
                0.07677793900852334,
                0.07228876987140473,
                0.06846017788534295,
                0.06551181458651203,
                0.06286525511986589,
                0.06059909448639987,
                0.058527951371179866,
                0.05701157205725369,
                0.05581882228590038,
                0.05478886754749573,
                0.05407383772608352,
                0.053405672720033825,
                0.05226841278068007,
                0.051319519950918956,
                0.050541731490664286,
                0.04978783336812503,
                0.04919640143236069,
                0.04869020403656241,
                0.047964459310655724,
                0.0475540258092423,
                0.047088016947246576,
                0.04664958237785183
            ]
        },
        {
            "ACTIVATION": "relu",
            "BATCH_SIZE": 128,
            "EPOCHS": 30,
            "INPUT_DIM": 100,
            "LAYERS": [
                50
            ],
            "LOSS: ": [
                0.5668666134772129,
                0.29486665589731714,
                0.17445982877631538,
                0.12120071073952507,
                0.09289852831365723,
                0.07532127858435106,
                0.06446132532881627,
                0.05738892611339816,
                0.05230217786125622,
                0.048229086936465874,
                0.04473986474742816,
                0.04185403966525406,
                0.03922032689480798,
                0.036759373225514515,
                0.03456238870018547,
                0.0324576465895409,
                0.03053145234570495,
                0.02855960700475638,
                0.026955743328273604,
                0.025470683852763364,
                0.023867601793943097,
                0.02251945177530854,
                0.02125002774465861,
                0.02004342342808357,
                0.018862159679904195,
                0.017861640695833934,
                0.016790194801129976,
                0.01593276981813881,
                0.015121906655513094,
                0.014312565627014249
            ],
            "MSE_PREDICTION:": 0.059841245697865565,
            "VALIDATION_LOSS: ": [
                0.3760612817251519,
                0.24061679676787495,
                0.18079387427192845,
                0.1470488177178657,
                0.12229593098163605,
                0.1041838505292592,
                0.09385027542506179,
                0.08662358487713827,
                0.08260602871440861,
                0.07875417387240553,
                0.07662383997685289,
                0.07594105560485631,
                0.07529163197295306,
                0.07339040312456759,
                0.07233820753554775,
                0.07109229583038043,
                0.07045169087917838,
                0.06976202610012604,
                0.06907798594807925,
                0.06835806155449724,
                0.06669192363138068,
                0.06615721832399499,
                0.06575488584907088,
                0.06598807687628759,
                0.06573862388525924,
                0.06505097908108201,
                0.0641414097523036,
                0.06375131322300598,
                0.06347057621364724,
                0.0629801030130419
            ]
        },
        {
            "ACTIVATION": "relu",
            "BATCH_SIZE": 128,
            "EPOCHS": 30,
            "INPUT_DIM": 100,
            "LAYERS": [
                30
            ],
            "LOSS: ": [
                0.3780684001347622,
                0.2435566116105222,
                0.17250795031084615,
                0.13097922687976274,
                0.10431259894171668,
                0.08809191808999096,
                0.07745356043708058,
                0.06985692516301549,
                0.06368582550672683,
                0.05876724237949934,
                0.054409077081120034,
                0.050784828732394025,
                0.04746468335160056,
                0.044413609343930745,
                0.04187241725713066,
                0.03932241343383519,
                0.037104342183925686,
                0.03499685838741872,
                0.03292096915493494,
                0.03116001201534762,
                0.029570541004322815,
                0.028110517879011906,
                0.026796658933929473,
                0.025462807288735238,
                0.024141682388570868,
                0.022862218643057815,
                0.021796852871008843,
                0.020869261923838745,
                0.019995344096657344,
                0.019031803994271807
            ],
            "MSE_PREDICTION:": 0.07133917326118382,
            "VALIDATION_LOSS: ": [
                0.32212407784919217,
                0.22820386086424735,
                0.1758538398840656,
                0.14703627420614843,
                0.1284930510063694,
                0.11709967929206483,
                0.10825775216703545,
                0.10101584028707791,
                0.09579509108850401,
                0.09148073012698187,
                0.0880307134700148,
                0.0850821144572676,
                0.08286549610226121,
                0.08108594115466287,
                0.07979327287167719,
                0.0781863662478042,
                0.07670126120521598,
                0.07497160544950668,
                0.07371118011539929,
                0.0725749223301672,
                0.0709188462120213,
                0.07018338041762782,
                0.06884039162772976,
                0.06730715644686189,
                0.0669626769137709,
                0.06582055036744026,
                0.0651507956830606,
                0.06414435002697658,
                0.06334666315823385,
                0.06257871247521818
            ]
        },
        {
            "ACTIVATION": "relu",
            "BATCH_SIZE": 128,
            "EPOCHS": 30,
            "INPUT_DIM": 100,
            "LAYERS": [
                50
            ],