{
    "AVERAGE_MSE": 0.06634410453376244,
    "cognitiveData": "provo",
    "feature": "IA_REGRESSION_OUT_COUNT",
    "folds": [
        {
            "ACTIVATION": "relu",
            "BATCH_SIZE": 128,
            "EPOCHS": 30,
            "INPUT_DIM": 100,
            "LAYERS": [
                50
            ],
            "LOSS: ": [
                0.39346115022744366,
                0.21421441194277072,
                0.1416247047956771,
                0.10530081037975093,
                0.08161770783709825,
                0.06935310183575387,
                0.06085147515041546,
                0.05452579457319212,
                0.04990461105752359,
                0.04555177073893784,
                0.04214879028230752,
                0.039068766816888215,
                0.03604402660837918,
                0.03360720930898987,
                0.031104986289097556,
                0.028897098136193552,
                0.027071490759224874,
                0.025232911336764464,
                0.023574154929451224,
                0.022168508706866773,
                0.02073393545974538,
                0.019383213858201614,
                0.018089320272603432,
                0.017009317689602413,
                0.016004579358991383,
                0.015138435824478675,
                0.0141776657533891,
                0.013405397729261253,
                0.01258221953806961,
                0.011941930707256545
            ],
            "MSE_PREDICTION:": 0.06978749968026557,
            "VALIDATION_LOSS: ": [
                0.28743194921375953,
                0.20452413228276659,
                0.16410368803429276,
                0.13411529729627583,
                0.11638595102584526,
                0.10722724133974885,
                0.10206234332633345,
                0.0981787285984379,
                0.09590604350174943,
                0.0943448784416669,
                0.09287726848501049,
                0.0904957115241926,
                0.08929890486067288,
                0.0884233635582336,
                0.08834264386598378,
                0.0868578921646288,
                0.08517312391163552,
                0.08412767987545222,
                0.08355790652232627,
                0.08343708535579786,
                0.08295195733439432,
                0.08194238855822446,
                0.08071151651339988,
                0.0793088386728339,
                0.07873579701536322,
                0.07818546998378349,
                0.07789602436839718,
                0.07736683815513572,
                0.07658278778807757,
                0.07574812496361667
            ]
        },
        {
            "ACTIVATION": "relu",
            "BATCH_SIZE": 128,
            "EPOCHS": 30,
            "INPUT_DIM": 100,
            "LAYERS": [
                50
            ],
            "LOSS: ": [
                0.2829182417887562,
                0.16763189245865234,
                0.11026281627026062,
                0.08181924732660757,
                0.06622408023727083,
                0.05754626148714209,
                0.051266088021046916,
                0.046564857269386487,
                0.04271376209004461,
                0.039128363870506014,
                0.035838204862527534,
                0.03312265514483992,
                0.030824623842233247,
                0.02862609554190783,
                0.02636244190029327,
                0.024615151245357854,
                0.02295729134544909,
                0.021375858948580396,
                0.020067095553652603,
                0.018821342579867072,
                0.01767454558654367,
                0.016540648914094038,
                0.015543736383242223,
                0.014585153381843408,
                0.013889396309175274,
                0.013086561155130074,
                0.012323505460807021,
                0.011683674791179226,
                0.011058621905667398,
                0.010475034305928067
            ],
            "MSE_PREDICTION:": 0.06439953031277688,
            "VALIDATION_LOSS: ": [
                0.2092262237039331,
                0.15169416286357462,
                0.12068748249583049,
                0.102545328846533,
                0.09153037508056588,
                0.08593757603674719,
                0.0842042571469529,
                0.08154525842568645,
                0.07864353407735694,
                0.07649731625841089,
                0.0740279834972669,
                0.07183259490826359,
                0.07015050263845757,
                0.0698378350432605,
                0.06810165196657181,
                0.06684797180637922,
                0.06712877056370042,
                0.06552768406802661,
                0.06488125495714685,
                0.06497007200162705,
                0.06395039763556767,
                0.06252218711457841,
                0.06176699432608199,
                0.06068959117752232,
                0.0604342678944542,
                0.060134975469275695,
                0.05963002961792358,
                0.05886146232281646,
                0.057985656218577736,
                0.05790896922962306
            ]
        },
        {
            "ACTIVATION": "relu",
            "BATCH_SIZE": 128,
            "EPOCHS": 30,
            "INPUT_DIM": 100,
            "LAYERS": [
                50
            ],
            "LOSS: ": [
                0.5642486975287082,
                0.28409717672889473,
                0.15756259983849566,
                0.10674734445253634,
                0.08268276563690621,
                0.06762872668267524,
                0.05761650784858095,
                0.05147073139303953,
                0.04677110924473349,
                0.04334364991194183,
                0.039991993048127686,
                0.03727988252099955,
                0.03477927199588836,
                0.03245031126929802,
                0.030511816998697677,
                0.02882282138126383,
                0.02691776731001983,
                0.025174749210016806,
                0.023677296802324863,
                0.022234677734879034,
                0.020906374522997626,
                0.019661102062139155,
                0.018550272253030468,
                0.01743939296561285,
                0.01646306143680629,
                0.015545248381448447,
                0.01467446199782819,
                0.013974676248944952,
                0.013148579597920434,
                0.012361190775425315
            ],
            "MSE_PREDICTION:": 0.06710644328301939,
            "VALIDATION_LOSS: ": [
                0.4049862312943968,
                0.23106990040165104,
                0.15349056285946336,
                0.12189887688584523,
                0.10544279564733375,
                0.09479671053282201,
                0.08973685703048967,
                0.08632999546315571,
                0.08403203891564721,
                0.08155139107001971,
                0.08056224658064647,
                0.07939928290370392,
                0.07841701826004133,
                0.07728716159520084,
                0.07571269316624289,
                0.0750507751148041,
                0.07399710436185745,
                0.07352176951627208,
                0.0733063985427765,
                0.07325098510474375,
                0.07245521267799482,
                0.07168004702623576,
                0.0705040186031224,
                0.0703990174687072,
                0.07004919433838701,
                0.06966197164091345,
                0.0697619642501008,
                0.07003289073297422,
                0.0695013335510476,
                0.06869347454750374
            ]
        },
        {
            "ACTIVATION": "relu",
            "BATCH_SIZE": 128,
            "EPOCHS": 30,
            "INPUT_DIM": 100,