{
    "AVERAGE_MSE": 0.08105391584712471,
    "cognitiveData": "provo",
    "feature": "IA_FIRST_FIXATION_DURATION",
    "folds": [
        {
            "ACTIVATION": "relu",
            "BATCH_SIZE": 128,
            "EPOCHS": 30,
            "INPUT_DIM": 100,
            "LAYERS": [
                30
            ],
            "LOSS: ": [
                0.5281894185019602,
                0.3245042131041172,
                0.2149537746022946,
                0.15616763402319692,
                0.12322242808485113,
                0.10232572254962823,
                0.08752292159491093,
                0.07748445396920216,
                0.07063869657841595,
                0.06519843151674672,
                0.060948262358560365,
                0.05725533443648451,
                0.054028171930928584,
                0.05126250719277773,
                0.0485911929203552,
                0.04592883920434409,
                0.04354266002518644,
                0.04141156737713421,
                0.03945039737630974,
                0.03747665554949595,
                0.03589399804969799,
                0.03422090107667712,
                0.03269291127269918,
                0.03127840760692724,
                0.0298652839918795,
                0.028575124567307493,
                0.027372468691031684,
                0.02615355699615454,
                0.025188077394539047,
                0.024200514016439738
            ],
            "MSE_PREDICTION:": 0.08891482081482345,
            "VALIDATION_LOSS: ": [
                0.38948991608946293,
                0.27355525020050675,
                0.20934112655789885,
                0.17588997295458023,
                0.15509539281260476,
                0.1405290571385867,
                0.13028549464189842,
                0.12241263442660032,
                0.11642441439302001,
                0.11173217345590461,
                0.10850961036878089,
                0.10533873328607377,
                0.10324123563015297,
                0.10175254277578771,
                0.10050765435173087,
                0.09886438481203497,
                0.09785480970797474,
                0.09563897886913117,
                0.09465211711517751,
                0.09411038019477505,
                0.09312286074847391,
                0.09156254035969304,
                0.08980850558983136,
                0.08851639283438252,
                0.08671754394492058,
                0.08536446492557656,
                0.08459383994340897,
                0.08417669203999924,
                0.084382989737269,
                0.0838653876969259
            ]
        },
        {
            "ACTIVATION": "relu",
            "BATCH_SIZE": 128,
            "EPOCHS": 30,
            "INPUT_DIM": 100,
            "LAYERS": [
                50
            ],
            "LOSS: ": [
                1.5545537437010384,
                0.9330283127354513,
                0.5449541171255488,
                0.3202849181806653,
                0.2027264187562936,
                0.14739541890895183,
                0.11906697401716206,
                0.10135658459792211,
                0.08916224416594562,
                0.08060381893790607,
                0.07398827904340129,
                0.0688873625026559,
                0.06463975029299435,
                0.06092740319298635,
                0.05787890373152484,
                0.05490496740588602,
                0.05187153581076175,
                0.04910928247365493,
                0.0467096354563179,
                0.044683680826507345,
                0.042196289484435455,
                0.04011716353699028,
                0.03814501674785111,
                0.036186738620235824,
                0.034425325500004086,
                0.03277573878613283,
                0.031210920640856895,
                0.029700762204071873,
                0.028368374080386005,
                0.026931397405997762
            ],
            "MSE_PREDICTION:": 0.09381909725074784,
            "VALIDATION_LOSS: ": [
                1.2432885039342594,
                0.7899246746546602,
                0.5027825162835318,
                0.33894581419147857,
                0.25306806009109706,
                0.20909311122273747,
                0.18382009659727958,
                0.16733178853580397,
                0.15650782846424677,
                0.1497871849226625,
                0.14472352927678253,
                0.14050014990649812,
                0.13650171356658414,
                0.13346793226999779,
                0.13171297332195386,
                0.1302710134689122,
                0.1279744654893875,
                0.12566089956727747,
                0.12488679689903782,
                0.12362070463291586,
                0.12334708440793704,
                0.1221426737635103,
                0.12128583056061235,
                0.11983030401680568,
                0.11882370159234086,
                0.11798125199259143,
                0.11777892453621512,
                0.11720630649017962,
                0.11689960017596206,
                0.11759422056070745
            ]
        },
        {
            "ACTIVATION": "relu",
            "BATCH_SIZE": 128,
            "EPOCHS": 30,
            "INPUT_DIM": 100,
            "LAYERS": [
                30
            ],
            "LOSS: ": [
                1.4166962037160098,
                1.0130016722973583,
                0.7186377477891245,
                0.504272388859842,
                0.35558865080055607,
                0.2549622290948243,
                0.1923367900719569,
                0.14962960421834556,
                0.12150079100097227,
                0.10314514749966192,
                0.0897547908216766,
                0.07984561569618115,
                0.07251542916531015,
                0.06668564201832636,
                0.06195312134257005,
                0.05818447662360877,
                0.05471438973324172,
                0.051920607334600306,
                0.04956836969069306,
                0.04755079111093927,
                0.04553660940487532,
                0.044028865080806036,
                0.042339636341989756,
                0.04073221621137132,
                0.03939364407703562,
                0.03800139232422026,
                0.03671841776417009,
                0.03551601294242804,
                0.03434225939386756,
                0.03312488934775978
            ],
            "MSE_PREDICTION:": 0.0831150339014503,
            "VALIDATION_LOSS: ": [
                1.1108331680297852,
                0.816321510974675,
                0.5952703242432581,
                0.437166154792864,
                0.3274577582535678,
                0.25486860291598595,
                0.20407212025498692,
                0.16912281921465103,
                0.14441860028325695,
                0.1265223697848516,
                0.11354761774817558,
                0.10413796526111968,
                0.0967656162707773,
                0.09115684910179818,
                0.0865876125554516,
                0.08282555578506157,
                0.07985208530540336,
                0.07763559524327109,
                0.07566729045077546,
                0.07436455520865036,
                0.07293537871478355,
                0.07182275840680893,
                0.07100492807692044,
                0.07017737953630213,
                0.06954533943574723,
                0.06930372016887142,
                0.06868111061519139,
                0.0680922610710745,
                0.06768337218728784,
                0.06728452637995759
            ]
        },
        {
            "ACTIVATION": "relu",
            "BATCH_SIZE": 128,
            "EPOCHS": 30,
            "INPUT_DIM": 100,
            "LAYERS": [
                50
            ],