{
    "AVERAGE_MSE": 0.06705341034156809,
    "cognitiveData": "provo",
    "feature": "IA_REGRESSION_PATH_DURATION",
    "folds": [
        {
            "ACTIVATION": "relu",
            "BATCH_SIZE": 128,
            "EPOCHS": 30,
            "INPUT_DIM": 100,
            "LAYERS": [
                30
            ],
            "LOSS: ": [
                0.47476368299070393,
                0.297839411791561,
                0.20633114434740352,
                0.15726652728652463,
                0.12602404427058087,
                0.10480343444371919,
                0.0912022554087189,
                0.0811285832785006,
                0.07418338112903705,
                0.06819896495183786,
                0.06323973899691224,
                0.05906614507860017,
                0.05535655702571313,
                0.05202683906740226,
                0.0488755731023912,
                0.04604122511032924,
                0.04371646830674714,
                0.041344830002731564,
                0.039103084127219016,
                0.03714717006691017,
                0.03521772843704113,
                0.033459070200934415,
                0.03164654919050161,
                0.030086503512710076,
                0.02863369188806614,
                0.027374554090010158,
                0.02610662286241713,
                0.024917811465227584,
                0.023860222971510928,
                0.022994639492540988
            ],
            "MSE_PREDICTION:": 0.08571539034940537,
            "VALIDATION_LOSS: ": [
                0.3532490281209554,
                0.2538145323322244,
                0.19895131375691663,
                0.16364895807553645,
                0.14327558405595284,
                0.12846990154214102,
                0.11897442898113433,
                0.11318341683443278,
                0.1079818921750539,
                0.1029084105401823,
                0.09833512138830472,
                0.09394897387860572,
                0.09121305179106046,
                0.08981427550315857,
                0.08858227729797363,
                0.08661045695412649,
                0.08497646297902277,
                0.08402616510244265,
                0.0828946449168741,
                0.08187542008618785,
                0.08058314249940114,
                0.07950423086342746,
                0.07830007374286652,
                0.07710047607144264,
                0.07599078986334475,
                0.07504418012622284,
                0.07440943546491126,
                0.07401606440544128,
                0.07357970574130751,
                0.07297197300685596
            ]
        },
        {
            "ACTIVATION": "relu",
            "BATCH_SIZE": 128,
            "EPOCHS": 30,
            "INPUT_DIM": 100,
            "LAYERS": [
                50
            ],
            "LOSS: ": [
                0.2379937191105625,
                0.13901718544868008,
                0.0923020481475426,
                0.06878050493705845,
                0.05597522778126633,
                0.04849210850523839,
                0.043065846771461885,
                0.03893447387484294,
                0.03579172900339547,
                0.03282474890658009,
                0.03021121409116233,
                0.027937965125714528,
                0.025723740407369557,
                0.024008994439607214,
                0.02212393072339519,
                0.02053004932329442,
                0.01907581335978381,
                0.01785587695767499,
                0.01665412777424574,
                0.01565999022363901,
                0.014597945694857969,
                0.013645119131199287,
                0.0127822945923201,
                0.011950311230217612,
                0.01124613464843501,
                0.010660538223043314,
                0.009966927350500334,
                0.009410853301994438,
                0.0088209868832068,
                0.008333396922963102
            ],
            "MSE_PREDICTION:": 0.05234314353839761,
            "VALIDATION_LOSS: ": [
                0.19405836642604984,
                0.13493565398536317,
                0.10556921842571808,
                0.09014767479814895,
                0.08147827025553951,
                0.07588086848797863,
                0.0726149291412471,
                0.07115152815025147,
                0.06987020261075398,
                0.06854472288938418,
                0.06676463241854759,
                0.06567057007796144,
                0.06519992532183046,
                0.06469980474204233,
                0.06408917653846415,
                0.06362157131302847,
                0.06230299205404438,
                0.06087020927504318,
                0.059688340362212426,
                0.059404439458700074,
                0.05886787757889865,
                0.05816063999313198,
                0.057343543800589154,
                0.057140431022399095,
                0.056710343654841594,
                0.05675064359013349,
                0.056207980450293786,
                0.056074978605116885,
                0.055446434510897286,
                0.05579742901537516
            ]
        },
        {
            "ACTIVATION": "relu",
            "BATCH_SIZE": 128,
            "EPOCHS": 30,
            "INPUT_DIM": 100,
            "LAYERS": [
                50
            ],
            "LOSS: ": [
                0.5092499479523653,
                0.2540970863598698,
                0.15114782027274012,
                0.10999943787554729,
                0.08631174233750045,
                0.07186031328453514,
                0.06368257638265093,
                0.057885647567682365,
                0.05261310736295698,
                0.04871470540583032,
                0.044969501341237825,
                0.04172090759203732,
                0.03895699995766373,
                0.036119610850745575,
                0.03375006177643151,
                0.031449512160010955,
                0.029318557537798204,
                0.027236342676124483,
                0.025588923397491563,
                0.023890960373712855,
                0.022541256170994627,
                0.021369140997759065,
                0.020069919157562392,
                0.01870930905886774,
                0.017577864827131324,
                0.01657028172459089,
                0.015717111574246278,
                0.014815871520718723,
                0.014008635182195625,
                0.013168995803793953
            ],
            "MSE_PREDICTION:": 0.07665550176511499,
            "VALIDATION_LOSS: ": [
                0.38770185553864256,
                0.2321395561711429,
                0.16709083910674266,
                0.1346726709440963,
                0.11585171602360189,
                0.1065801421869291,
                0.10014437118621722,
                0.09583021149243394,
                0.09236574224005006,
                0.08992445662821809,
                0.08826082771363324,
                0.08701606686801126,
                0.08561508367731147,
                0.08429595889293984,
                0.08355881018589621,
                0.08210366566295493,
                0.08043210269653633,
                0.0793688251343492,
                0.07858554916839076,
                0.07947376819506083,
                0.07819480928656174,
                0.07728126512406623,
                0.07639302609309759,
                0.07582824207740287,
                0.0754714723523349,
                0.07528600586603766,
                0.07462920268921003,
                0.07414925353576059,
                0.07349186451876,
                0.07303664302580977
            ]
        },
        {
            "ACTIVATION": "relu",
            "BATCH_SIZE": 128,
            "EPOCHS": 30,
            "INPUT_DIM": 100,