{
    "AVERAGE_MSE": 0.08748300578643156,
    "cognitiveData": "ucl",
    "feature": "RTfirstpass",
    "folds": [
        {
            "ACTIVATION": "relu",
            "BATCH_SIZE": 128,
            "EPOCHS": 30,
            "INPUT_DIM": 100,
            "LAYERS": [
                50
            ],
            "LOSS: ": [
                1.3367677267366247,
                0.8755732267209799,
                0.5666102150944856,
                0.3661174186975649,
                0.240513209315023,
                0.1702449864516295,
                0.13015862897743355,
                0.10498595759026681,
                0.08791484563264122,
                0.07513745806955531,
                0.06647365880009233,
                0.059570654468535066,
                0.05461626650706114,
                0.050417346390101515,
                0.04673001017294439,
                0.043912653185271454,
                0.041363005877787,
                0.03899335165121833,
                0.03673604462291673,
                0.03487806745914474,
                0.033167412449227704,
                0.03134590683646328,
                0.029695255845801533,
                0.028168826864989283,
                0.026710651884607486,
                0.02539974129763898,
                0.02407602991035866,
                0.022790534786543963,
                0.021588233941950814,
                0.020559532113979817
            ],
            "MSE_PREDICTION:": 0.09957636845708268,
            "VALIDATION_LOSS: ": [
                1.0282441712262338,
                0.7109419264291462,
                0.4867218241356967,
                0.3394909025284282,
                0.2510896947300225,
                0.19679976555339077,
                0.1651528278986613,
                0.14451354532911068,
                0.13001654741534016,
                0.1192580707240523,
                0.1107710236520098,
                0.10474114120006561,
                0.09929419870962176,
                0.09477640858344864,
                0.09008500581247765,
                0.08714681902998372,
                0.08543399786740019,
                0.08457481782687337,
                0.08365363000254881,
                0.08256190348612635,
                0.08146647978247258,
                0.08044445710746866,
                0.0796642005443573,
                0.07933012134673302,
                0.07880143402961262,
                0.07855336721006193,
                0.07778211251685493,
                0.07733254631360371,
                0.0767288066838917,
                0.07725669966455091
            ]
        },
        {
            "ACTIVATION": "relu",
            "BATCH_SIZE": 128,
            "EPOCHS": 30,
            "INPUT_DIM": 100,
            "LAYERS": [
                50
            ],
            "LOSS: ": [
                0.49197648821359685,
                0.27738597236647466,
                0.16922171382751927,
                0.12419535755717714,
                0.10014500408315553,
                0.0826663734397479,
                0.07006246095361358,
                0.06195531193703839,
                0.05629104909428669,
                0.051600878015242525,
                0.04775456598128947,
                0.044378669393567494,
                0.041570965872772196,
                0.03897021703086015,
                0.036646902507910764,
                0.03455447433444664,
                0.032437342953662275,
                0.030329102267100342,
                0.028518963721965013,
                0.02684335854228246,
                0.025298916721435794,
                0.02397557296375237,
                0.022560237424306743,
                0.02117233149342575,
                0.020127812853314563,
                0.019021770653567954,
                0.018000550437985013,
                0.016926349123286204,
                0.015888665992319913,
                0.01501473196735042
            ],
            "MSE_PREDICTION:": 0.08036708108390762,
            "VALIDATION_LOSS: ": [
                0.32215570462377446,
                0.20330100937893517,
                0.14929471831572683,
                0.12604669246234393,
                0.1123250794776699,
                0.10268535517286836,
                0.09633828032957881,
                0.09291986519830268,
                0.08979783625456325,
                0.08744832363567855,
                0.08539896549885734,
                0.08336483543379265,
                0.0829626206766095,
                0.08244463448461734,
                0.08124632270712602,
                0.08036664311300244,
                0.07956225777927198,
                0.07922696936548802,
                0.07934373591029853,
                0.07874606706594166,
                0.07770647213124392,
                0.076984773602402,
                0.07565560374866452,
                0.07546309133370717,
                0.07510540935031154,
                0.07473160025843403,
                0.07406757262192275,
                0.07396999145286125,
                0.07367321058062085,
                0.07354805879948433
            ]
        },
        {
            "ACTIVATION": "relu",
            "BATCH_SIZE": 128,
            "EPOCHS": 30,
            "INPUT_DIM": 100,
            "LAYERS": [
                30
            ],
            "LOSS: ": [
                1.1358435226010752,
                0.8318079475518111,
                0.610165637928051,
                0.4501903888288435,
                0.33659908437466884,
                0.25673376750815047,
                0.20228369704314642,
                0.1655746171435157,
                0.13998180486998715,
                0.12003556198471195,
                0.10456292206769462,
                0.0917687856561535,
                0.08210567185184457,
                0.07439477654931309,
                0.06806640295045717,
                0.06285450993985921,
                0.058419292182712766,
                0.0545794475373331,
                0.05169082472285071,
                0.049028573373516834,
                0.04664190213431369,
                0.04444735070670044,
                0.04259205661140955,
                0.0409035914424029,
                0.03934656854841735,
                0.03784956634863392,
                0.03625494558568839,
                0.03485478502135356,
                0.03354023301994408,
                0.0323854661986723
            ],
            "MSE_PREDICTION:": 0.09273712636837304,
            "VALIDATION_LOSS: ": [
                1.0140969554583232,
                0.7696531237217418,
                0.5837540772923252,
                0.44464857954727977,
                0.34498681101882667,
                0.27430960536003113,
                0.22670061389605203,
                0.1938044878474453,
                0.16861622872059806,
                0.15059010815202145,
                0.13747620164302357,
                0.12646583428508357,
                0.11794077631151467,
                0.11087656779247418,
                0.10434410498853315,
                0.09892988204956055,
                0.0952460045615832,
                0.09238159970233314,
                0.09011120270741613,
                0.0879504593056545,
                0.08657618102274443,
                0.08530017550577197,
                0.08423563328228499,
                0.08309243527943627,
                0.08258313502658877,
                0.08189327492002856,
                0.08135349238127992,
                0.08072955122119502,
                0.07965731699215739,
                0.07893196101251401
            ]
        },
        {
            "ACTIVATION": "relu",
            "BATCH_SIZE": 128,
            "EPOCHS": 30,
            "INPUT_DIM": 100,
            "LAYERS": [
                30
            ],