{
    "AVERAGE_MSE": 0.03945918761703888,
    "cognitiveData": "dundee",
    "feature": "Fix_prob",
    "folds": [
        {
            "ACTIVATION": "relu",
            "BATCH_SIZE": 128,
            "EPOCHS": 30,
            "INPUT_DIM": 100,
            "LAYERS": [
                50
            ],
            "LOSS: ": [
                0.27611741340220297,
                0.09724308231793505,
                0.08193125246177198,
                0.06993574238766563,
                0.060992798573193466,
                0.05328819903584878,
                0.04770423722925175,
                0.043428219375802435,
                0.04000079509411473,
                0.03680364283957183,
                0.03452431749419917,
                0.03273681117282577,
                0.03082362038048507,
                0.029283252219187903,
                0.02781653877967193,
                0.026852081789393512,
                0.0260127948559865,
                0.025068557022955306,
                0.02418817614515294,
                0.023559561374070295,
                0.023065664115635265,
                0.022312299028137052,
                0.021670110611917006,
                0.021375527286800793,
                0.020965695168632278,
                0.020424649695000772,
                0.02080410564268277,
                0.020038619395017717,
                0.01975812426299933,
                0.01929039114556161
            ],
            "MSE_PREDICTION:": 0.04107274420994783,
            "VALIDATION_LOSS: ": [
                0.10953694389610694,
                0.0924154313783797,
                0.083062341446599,
                0.07629275460722586,
                0.06940995795386178,
                0.06475748898727553,
                0.06056776544246724,
                0.05763867953545833,
                0.05500718114710359,
                0.053227361496636476,
                0.05149891442722744,
                0.049825122782950676,
                0.0490755117247029,
                0.04743409301868822,
                0.04665394327627919,
                0.046340794368553415,
                0.045223243621291306,
                0.04450389045098471,
                0.04386720502818072,
                0.04335178419474572,
                0.04306487028324415,
                0.04269026295533256,
                0.042705563566199055,
                0.042660478593180416,
                0.04270804752275426,
                0.04204374965694216,
                0.042071042308416316,
                0.0421679643411485,
                0.04190127281521363,
                0.04151334437349486
            ]
        },
        {
            "ACTIVATION": "relu",
            "BATCH_SIZE": 128,
            "EPOCHS": 30,
            "INPUT_DIM": 100,
            "LAYERS": [
                30
            ],
            "LOSS: ": [
                0.4019958937979514,
                0.11978210379505208,
                0.09543604894394218,
                0.08375405182563954,
                0.07394311636615358,
                0.06569007885453719,
                0.058947302723868465,
                0.053179915078730475,
                0.04883111584480674,
                0.04516384577523276,
                0.04186032586960798,
                0.039147068910130214,
                0.03690967280841513,
                0.03487644901907953,
                0.033330141520491116,
                0.03194975787986876,
                0.03057064948141977,
                0.02966041704372433,
                0.02873093086030058,
                0.027996380752925126,
                0.027194552523230477,
                0.026397590103094337,
                0.025809449015449147,
                0.025193295960885882,
                0.024804266536085202,
                0.024467949956687045,
                0.02390278224074477,
                0.02364029974348568,
                0.02321667937340836,
                0.023013034677752696
            ],
            "MSE_PREDICTION:": 0.03647620924780387,
            "VALIDATION_LOSS: ": [
                0.15432403284721274,
                0.11022978684416523,
                0.09981956117682987,
                0.09082802302307552,
                0.08290550230987488,
                0.07662584734341454,
                0.07076826496099038,
                0.06606968851001174,
                0.06230983802723506,
                0.05869291071538572,
                0.05600415698434941,
                0.0536384237388139,
                0.051460278231315514,
                0.04983536687398714,
                0.048341378691808254,
                0.04697492586241828,
                0.04586802010656034,
                0.04488358449920145,
                0.043750659443398635,
                0.04303899596213664,
                0.04283700654352153,
                0.04258043418722178,
                0.04182283231426799,
                0.04124311941168295,
                0.041234518406252384,
                0.04101529654371675,
                0.04038646426544618,
                0.04012427401369211,
                0.039979166766165426,
                0.039567711586674686
            ]
        },
        {
            "ACTIVATION": "relu",
            "BATCH_SIZE": 128,
            "EPOCHS": 30,
            "INPUT_DIM": 100,
            "LAYERS": [
                30
            ],
            "LOSS: ": [
                0.38879139617321984,
                0.12398673151693647,
                0.09968475708885799,
                0.08587533504401565,
                0.07449432773091806,
                0.06564803080899374,
                0.058515015725420894,
                0.05278260221005117,
                0.04834868169177777,
                0.04440469776511823,
                0.0416406718472009,
                0.03865658947557368,
                0.036663282303898426,
                0.03452764250850551,
                0.0330044916481095,
                0.03161871547579134,
                0.030438871480642803,
                0.029476378562431488,
                0.028550775864570544,
                0.027738502596027007,
                0.027015836810860686,
                0.026396632864677087,
                0.026064163379410588,
                0.02537475700968157,
                0.024963921241501652,
                0.024556415366432653,
                0.02424054572940188,
                0.02375362717285358,
                0.02350747267365771,
                0.023118539576334928
            ],
            "MSE_PREDICTION:": 0.03774472215281706,
            "VALIDATION_LOSS: ": [
                0.15280263531144964,
                0.11335296321798254,
                0.10101943033397513,
                0.09107344828585469,
                0.08258102491261467,
                0.07593542310611281,
                0.0701584251942458,
                0.06534582260582182,
                0.0614817064590555,
                0.05809463084374786,
                0.05565601536836574,
                0.05322914674641594,
                0.051305104086481076,
                0.04953115813473545,
                0.04857367123797457,
                0.04674972281175316,
                0.04601598923641538,
                0.044993538255729375,
                0.04426661159389864,
                0.04331638071902845,
                0.042608177192785125,
                0.042017874113781745,
                0.04162239447709114,
                0.041054067847432284,
                0.040982045264786514,
                0.04046543635546215,
                0.04051792133579809,
                0.039690211722775114,
                0.03982770402753164,
                0.039446378471674745
            ]
        },
        {
            "ACTIVATION": "relu",
            "BATCH_SIZE": 128,
            "EPOCHS": 30,
            "INPUT_DIM": 100,