{
    "AVERAGE_MSE": 0.009847461294955218,
    "cognitiveData": "dundee",
    "feature": "nLong_regres_from",
    "folds": [
        {
            "ACTIVATION": "relu",
            "BATCH_SIZE": 128,
            "EPOCHS": 30,
            "INPUT_DIM": 100,
            "LAYERS": [
                30
            ],
            "LOSS: ": [
                0.13392300808681257,
                0.050759356982936016,
                0.03716032502733892,
                0.028963923874174513,
                0.023260687122187738,
                0.01932726181584729,
                0.016429329124471648,
                0.014351011684748652,
                0.012812931967951196,
                0.011621163421454514,
                0.01078873362346847,
                0.010025070420861735,
                0.009497721841710851,
                0.009060093358785944,
                0.008706476234189376,
                0.008432618063152672,
                0.008184113828183199,
                0.007991075060712397,
                0.007820909853013364,
                0.007707276120075921,
                0.007577008955544845,
                0.007482232725232216,
                0.0074142765021906485,
                0.007331553902102476,
                0.007271729041320802,
                0.0071972798815317165,
                0.0071487827244692635,
                0.007093665665312507,
                0.0070429482643398515,
                0.006995847180546343
            ],
            "MSE_PREDICTION:": 0.008784166420469162,
            "VALIDATION_LOSS: ": [
                0.06563683768744191,
                0.04630855234369399,
                0.03700529854527857,
                0.03065624481274022,
                0.025930074669381298,
                0.022467799516266616,
                0.01966638016716513,
                0.017583378838010567,
                0.015987597612871066,
                0.014718166592890623,
                0.013813021119743113,
                0.01297861366439118,
                0.012313232732512964,
                0.011796798287008805,
                0.011355439483843467,
                0.01106494863926576,
                0.010722347324290287,
                0.010490187175729603,
                0.010282442518189628,
                0.010140572222708552,
                0.009949688529152246,
                0.00986223382451547,
                0.009730845697657772,
                0.009674252034534538,
                0.009628840692577854,
                0.009590520638795126,
                0.009549417390079095,
                0.009529026733740927,
                0.009496863293289035,
                0.009490945769680872
            ]
        },
        {
            "ACTIVATION": "relu",
            "BATCH_SIZE": 128,
            "EPOCHS": 30,
            "INPUT_DIM": 100,
            "LAYERS": [
                30
            ],
            "LOSS: ": [
                0.13296425798031875,
                0.045147647058317975,
                0.03361824357751296,
                0.026823928435782164,
                0.021844018711991247,
                0.018388141789856153,
                0.015763562233515604,
                0.01387155303683017,
                0.012391541936912972,
                0.011274200879537108,
                0.010440879422673032,
                0.009766745743624997,
                0.009256760218555388,
                0.0088849279667676,
                0.008496249710086584,
                0.008233482455621598,
                0.00797828593499439,
                0.007789129955793692,
                0.007630079296306771,
                0.007507321893030913,
                0.00739363473634918,
                0.007279823661710018,
                0.00718677444867706,
                0.007136106947448017,
                0.007134832789574273,
                0.006985338347945384,
                0.006916461439138171,
                0.006856912450650777,
                0.0068066694244805475,
                0.006768350675588128
            ],
            "MSE_PREDICTION:": 0.009613821597985248,
            "VALIDATION_LOSS: ": [
                0.060454770150008025,
                0.04178819847170007,
                0.033983270999379256,
                0.028333585776349222,
                0.024054471312691925,
                0.020869783487506014,
                0.01836276441398594,
                0.01653337699099981,
                0.015145113561598082,
                0.013969157169026043,
                0.013008486520912911,
                0.012347832534994397,
                0.011751839247527261,
                0.011336508004990205,
                0.010929115337354165,
                0.010543192828458453,
                0.010314238112833765,
                0.010116766113295126,
                0.009955761737372509,
                0.009821595791135989,
                0.00967365136596734,
                0.009539925511532201,
                0.009526165905925962,
                0.00943313402877677,
                0.00942769829558317,
                0.009402217681485194,
                0.00935720517226155,
                0.009313029759420605,
                0.009325637607268556,
                0.009333694646893828
            ]
        },
        {
            "ACTIVATION": "relu",
            "BATCH_SIZE": 128,
            "EPOCHS": 30,
            "INPUT_DIM": 100,
            "LAYERS": [
                50
            ],
            "LOSS: ": [
                0.1762489122057718,
                0.06955586250812289,
                0.05395642183918171,
                0.04234997108184471,
                0.03419892127532019,
                0.027919134964782093,
                0.0234565380073729,
                0.020137932472837666,
                0.017349781261550054,
                0.015307305110667748,
                0.013803042460568052,
                0.012504669668143073,
                0.011428808478796215,
                0.010594516834884724,
                0.009905862822517673,
                0.009312340707848312,
                0.009114192331594134,
                0.008434411869556815,
                0.008156437240540982,
                0.007808820461169398,
                0.00750701713311688,
                0.0072930364194449294,
                0.007074097700653568,
                0.006900702403099449,
                0.006743092237720414,
                0.006589815773749872,
                0.006443655944217449,
                0.006318587947774817,
                0.0062428746766671935,
                0.00622324588555823
            ],
            "MSE_PREDICTION:": 0.01216629516319761,
            "VALIDATION_LOSS: ": [
                0.08394869111044698,
                0.06852991991730595,
                0.05707622138911454,
                0.048082209106475586,
                0.04149877903638063,
                0.03624221986879116,
                0.03198787685897615,
                0.02876896170712022,
                0.025955041446698406,
                0.023781293650310505,
                0.021924315416623676,
                0.020503281167259923,
                0.019281340291891148,
                0.018288698490886462,
                0.017388419227467644,
                0.016747982219531738,
                0.016040561393534065,
                0.015605212219808467,
                0.015160689693161105,
                0.014625885587914911,
                0.014272691894854818,
                0.013968430522573058,
                0.013658061287508756,
                0.013443139684263361,
                0.013241341304053706,
                0.01314048995337789,
                0.012905184983734101,
                0.012841763065526726,
                0.012781256071671292,
                0.012745611956983647
            ]
        },
        {
            "ACTIVATION": "relu",