{
    "AVERAGE_MSE": 0.015932492519785332,
    "cognitiveData": "zuco",
    "feature": "GPT",
    "folds": [
        {
            "ACTIVATION": "relu",
            "BATCH_SIZE": 128,
            "EPOCHS": 30,
            "INPUT_DIM": 100,
            "LAYERS": [
                30
            ],
            "LOSS: ": [
                0.2365342446296977,
                0.09114868220023517,
                0.068827226580071,
                0.056989884375463595,
                0.04749174134693263,
                0.040124451422559625,
                0.034343364112566464,
                0.029650760304652163,
                0.026117994740334473,
                0.023172268390687385,
                0.02072490805786915,
                0.01872853014197893,
                0.017115401479542904,
                0.01581499436108362,
                0.014670270885173394,
                0.01373473747205663,
                0.0129165570023419,
                0.012274334757240076,
                0.01168464269154431,
                0.011156565219932722,
                0.010731989006750715,
                0.010307108192661297,
                0.009973402848130952,
                0.009693400956912063,
                0.00941235130422735,
                0.009175408254453066,
                0.008941907979743171,
                0.008753866260674438,
                0.008581195385322291,
                0.008430171115919776
            ],
            "MSE_PREDICTION:": 0.015123219029098137,
            "VALIDATION_LOSS: ": [
                0.13198271562648686,
                0.08700236472608529,
                0.07329766945123503,
                0.06360783957406953,
                0.05564076941213435,
                0.04917606757854192,
                0.04375803925718313,
                0.03937970787679733,
                0.035687891337609,
                0.03271443344764172,
                0.030005975708057433,
                0.027971877551193503,
                0.026102054609265908,
                0.024557646300248055,
                0.023292600853648766,
                0.022131961691362553,
                0.021180435272991786,
                0.02026704436464133,
                0.01961851824162606,
                0.018864428044342605,
                0.01833743347931741,
                0.017771239712414833,
                0.017335510677946777,
                0.016958960061806572,
                0.01657425106787843,
                0.01625904383394052,
                0.016007569639764976,
                0.015752210307677813,
                0.01551278304183857,
                0.015322372420204382
            ]
        },
        {
            "ACTIVATION": "relu",
            "BATCH_SIZE": 128,
            "EPOCHS": 30,
            "INPUT_DIM": 100,
            "LAYERS": [
                30
            ],
            "LOSS: ": [
                0.5019666427698944,
                0.1269005511073564,
                0.08041218768342509,
                0.06782673588386089,
                0.059120889330182225,
                0.051747127225470826,
                0.04555431475145488,
                0.04027429799680573,
                0.035901048248081026,
                0.03224801736503887,
                0.029026522666130913,
                0.026342401937622266,
                0.024090523201646258,
                0.02212095873722831,
                0.020424930722376514,
                0.01894161280233302,
                0.017697055337608996,
                0.016547336344009806,
                0.015567372070542101,
                0.014679771444521747,
                0.013974455924350466,
                0.013299070770059374,
                0.012724310458118086,
                0.01216966134561264,
                0.01169817076408062,
                0.01131252842390788,
                0.010870995305742816,
                0.010573087700144203,
                0.010245985215729973,
                0.009933647613011723
            ],
            "MSE_PREDICTION:": 0.01993220808766848,
            "VALIDATION_LOSS: ": [
                0.20529561358652026,
                0.10723540929284847,
                0.08795473407568968,
                0.07860981345346632,
                0.07126751548463926,
                0.06430325832374591,
                0.05875316455546058,
                0.05388370989234381,
                0.049602338235695195,
                0.04566895966540892,
                0.04232669592232935,
                0.03947974187577527,
                0.03705302873362156,
                0.03490982431432475,
                0.032920651095345116,
                0.031208079164888887,
                0.029770592751986454,
                0.028324830918675735,
                0.02725153897257677,
                0.02611820266999607,
                0.025235022884857967,
                0.02434347894942854,
                0.023545747682590275,
                0.022735015448668728,
                0.022282081672753168,
                0.021620683992017362,
                0.02106279882463658,
                0.020579967075588443,
                0.02008771882289576,
                0.01978971693911726
            ]
        },
        {
            "ACTIVATION": "relu",
            "BATCH_SIZE": 128,
            "EPOCHS": 30,
            "INPUT_DIM": 100,
            "LAYERS": [
                30
            ],
            "LOSS: ": [
                0.19357772735834675,
                0.0732450521187739,
                0.0553333284003045,
                0.04574371354079803,
                0.03843091393888496,
                0.03274615489064617,
                0.028277045905236848,
                0.024846129737511567,
                0.02205375593565265,
                0.019867630864488072,
                0.018105683774566016,
                0.016599198302705218,
                0.015407733094711351,
                0.014349480808070691,
                0.013502007984375172,
                0.012764021076894056,
                0.012145205331171893,
                0.011568001682754401,
                0.011125408530612401,
                0.01069800326634863,
                0.010332155312610499,
                0.010028519402446487,
                0.009747962050260739,
                0.00946911111224401,
                0.00925314536534291,
                0.009072554048606895,
                0.008876133156431442,
                0.008725173542658778,
                0.008567373077427453,
                0.008404509802260112
            ],
            "MSE_PREDICTION:": 0.012923567283666303,
            "VALIDATION_LOSS: ": [
                0.09950390027959434,
                0.06776080566245321,
                0.057958753233880375,
                0.050377711045661314,
                0.04451564579925959,
                0.03964493280583335,
                0.03550283251302377,
                0.03242265230744376,
                0.02958416384369326,
                0.02745080550738258,
                0.025474552993137584,
                0.023923656379462817,
                0.02255077159041519,
                0.021366860179850566,
                0.020405733641914104,
                0.019545177232105013,
                0.018896668405933882,
                0.018102766450757396,
                0.017588673590955273,
                0.017207684231681734,
                0.01671317297731628,
                0.016345376693806264,
                0.01600824801300414,
                0.01582942800815413,
                0.015517093909005564,
                0.015269118893549047,
                0.015088935882511601,
                0.014934054775666698,
                0.014774800176683783,
                0.014633863954589101
            ]
        },
        {
            "ACTIVATION": "relu",
            "BATCH_SIZE": 128,
            "EPOCHS": 30,