{
    "AVERAGE_MSE": 0.009712842549114937,
    "cognitiveData": "dundee",
    "feature": "Tot_fix_dur",
    "folds": [
        {
            "ACTIVATION": "relu",
            "BATCH_SIZE": 128,
            "EPOCHS": 30,
            "INPUT_DIM": 100,
            "LAYERS": [
                50
            ],
            "LOSS: ": [
                0.17711346567993932,
                0.06850611799392756,
                0.052657930162442176,
                0.04157355883953306,
                0.032903191923675267,
                0.02682812543893175,
                0.02223138628954558,
                0.018979448649673995,
                0.016477906093285234,
                0.014543542620925649,
                0.0130212434680492,
                0.011868100718081684,
                0.010857599889306357,
                0.009941127895144591,
                0.009191898500687516,
                0.00879097699908088,
                0.008269531040854445,
                0.007835536288524536,
                0.0074458333729496605,
                0.007126345327583562,
                0.006870453281051851,
                0.006903519333399491,
                0.0064496266855712265,
                0.00625545965893388,
                0.006098590236392997,
                0.005930100150644397,
                0.005803836577595707,
                0.005706145343847424,
                0.00562933390259788,
                0.005524763090759989
            ],
            "MSE_PREDICTION:": 0.011364473771364932,
            "VALIDATION_LOSS: ": [
                0.07917941721185805,
                0.06353418931128486,
                0.05229476163232768,
                0.043543316250440306,
                0.0374265075084709,
                0.03260734930989288,
                0.02895177507566081,
                0.02617026609048326,
                0.02363829666147472,
                0.021574338235788876,
                0.02008796279077177,
                0.0187814437818748,
                0.01773490025095208,
                0.01667709056110609,
                0.01594055484211634,
                0.01543932025414453,
                0.014776530104970174,
                0.014293880863164467,
                0.013895305709312201,
                0.013582865734185491,
                0.013290865543894666,
                0.013079697886117236,
                0.012817775469923777,
                0.012555677881316533,
                0.012405055753453067,
                0.012160991542238406,
                0.012064384379320675,
                0.012010839620910624,
                0.011847244641649976,
                0.011673458754306748
            ]
        },
        {
            "ACTIVATION": "relu",
            "BATCH_SIZE": 128,
            "EPOCHS": 30,
            "INPUT_DIM": 100,
            "LAYERS": [
                30
            ],
            "LOSS: ": [
                0.19874555533888605,
                0.06794604405470982,
                0.04950199182842527,
                0.03865928468859346,
                0.030869184466743457,
                0.025262588708025623,
                0.021066385366043286,
                0.01806808852018077,
                0.015724291876690295,
                0.013865646089118293,
                0.012495596013186524,
                0.01139539345543975,
                0.010520117359590965,
                0.00983929117412885,
                0.009233672289124303,
                0.008714937381958903,
                0.008353982878322076,
                0.008031283191390822,
                0.0077503530375998535,
                0.007521523661341778,
                0.007337019972100052,
                0.007168956714943357,
                0.007031023289755979,
                0.006882607259528022,
                0.006772612047200954,
                0.0066882141195296774,
                0.006581212385992637,
                0.0065142667993660685,
                0.006452511554210096,
                0.006389695695151821
            ],
            "MSE_PREDICTION:": 0.008707781795398967,
            "VALIDATION_LOSS: ": [
                0.08816639210969683,
                0.05919897313865404,
                0.04762608760563785,
                0.03919212622617287,
                0.03314245707261815,
                0.02824052243872925,
                0.02460070497814625,
                0.021807122331053492,
                0.019532069867407836,
                0.017803138677799514,
                0.016359248700201827,
                0.015150834541156809,
                0.014246330843873755,
                0.013393709166024727,
                0.012711693427313573,
                0.012130427117109615,
                0.01165513101590689,
                0.011306466405629797,
                0.010959926308699386,
                0.01064333899252156,
                0.010384806170665398,
                0.010320440585178042,
                0.010036158171438036,
                0.009824757264168173,
                0.009688488959714218,
                0.009599990116816665,
                0.009637803270939797,
                0.009382536498800156,
                0.009322961075872025,
                0.009273388521578262
            ]
        },
        {
            "ACTIVATION": "relu",
            "BATCH_SIZE": 128,
            "EPOCHS": 30,
            "INPUT_DIM": 100,
            "LAYERS": [
                30
            ],
            "LOSS: ": [
                0.20671071343951755,
                0.07123738437417954,
                0.0560006221569089,
                0.045199123837014354,
                0.03713766797273247,
                0.030949403014447954,
                0.026329576222117616,
                0.022695269900812675,
                0.01986559078186041,
                0.017661478831654503,
                0.015838289340691907,
                0.014416059950199078,
                0.013177267359520392,
                0.012217681704177743,
                0.011365643551661855,
                0.010676875690776836,
                0.010071655143811194,
                0.009596633708114347,
                0.009213264139674644,
                0.008799790870398283,
                0.008485435670803464,
                0.008256858402725172,
                0.00795815905565938,
                0.008036687854854833,
                0.007598130993308529,
                0.007383286192145928,
                0.0072144647227432674,
                0.007075015622038374,
                0.0069630432149602305,
                0.0068664958670971886
            ],
            "MSE_PREDICTION:": 0.009802006468187121,
            "VALIDATION_LOSS: ": [
                0.09477883077487743,
                0.0723608905833865,
                0.06126433762293013,
                0.0523324260360034,
                0.044964537564566524,
                0.03931409593612429,
                0.034588138006193925,
                0.031127570524181008,
                0.02785272994842479,
                0.025375267417815626,
                0.023373713724748797,
                0.021676575335324126,
                0.020238081752150146,
                0.018925081386610313,
                0.017929367839343964,
                0.0169630808962716,
                0.016185979223834773,
                0.015456627784346146,
                0.014844784857064643,
                0.014323927952893197,
                0.013814625462329892,
                0.013439843955415266,
                0.013065549664238773,
                0.012712714715648896,
                0.012468969770682552,
                0.012200125326555242,
                0.011950125936517324,
                0.011742619622163672,
                0.011587063867657904,
                0.011414785177579947
            ]
        },
        {
            "ACTIVATION": "relu",
            "BATCH_SIZE": 128,