{
    "AVERAGE_MSE": 0.019187275185668796,
    "cognitiveData": "zuco",
    "feature": "FFD",
    "folds": [
        {
            "ACTIVATION": "relu",
            "BATCH_SIZE": 128,
            "EPOCHS": 30,
            "INPUT_DIM": 100,
            "LAYERS": [
                50
            ],
            "LOSS: ": [
                0.1235182307908888,
                0.05680391939087701,
                0.044676996189241126,
                0.036069461023174404,
                0.029734728686581894,
                0.02518436740509564,
                0.021664667817145038,
                0.019025954402448066,
                0.017038125563708352,
                0.015377370856743492,
                0.014096267577317167,
                0.013118963400965928,
                0.012249662306155087,
                0.01154930716902655,
                0.010949657467095806,
                0.01046926389869772,
                0.010005179353621347,
                0.00962984830063388,
                0.009286307640814553,
                0.008949848417258426,
                0.00869017042056313,
                0.008433009390016302,
                0.008194730850642026,
                0.00797600438444877,
                0.007780185497210367,
                0.007600858293020923,
                0.007429746118948631,
                0.007237903634526102,
                0.007122496936209347,
                0.00692885303649088
            ],
            "MSE_PREDICTION:": 0.01849337206828744,
            "VALIDATION_LOSS: ": [
                0.07051074261633057,
                0.05823075986936614,
                0.049517407285810285,
                0.043686597997685116,
                0.038358618726347146,
                0.03439638145528176,
                0.03155451838832537,
                0.029225067491095488,
                0.02703738387432467,
                0.025689203154059367,
                0.024327113781010178,
                0.023185446943373485,
                0.02242666292412529,
                0.021742011953466547,
                0.02091170383015872,
                0.020374704802877463,
                0.020232026666370955,
                0.019669354354918896,
                0.019517451846017553,
                0.019061943767054626,
                0.018779020424579095,
                0.018814199758761283,
                0.01856336976963753,
                0.018391067482111546,
                0.018569047125328548,
                0.018275746538656275,
                0.018409197978776264,
                0.018296282670738778,
                0.018372557952426538,
                0.018170024898282903
            ]
        },
        {
            "ACTIVATION": "relu",
            "BATCH_SIZE": 128,
            "EPOCHS": 30,
            "INPUT_DIM": 100,
            "LAYERS": [
                50
            ],
            "LOSS: ": [
                0.3262684212725678,
                0.08503962822578486,
                0.06432488969522371,
                0.054833147729904844,
                0.0471057589115242,
                0.040705815989360135,
                0.03541879799874937,
                0.031188601866627395,
                0.027677724957187278,
                0.024879307740234665,
                0.022455231953001323,
                0.02060228994710733,
                0.018861169135920015,
                0.01744922315408055,
                0.01619266012573631,
                0.015219591088085767,
                0.014282842176680716,
                0.013481321429587785,
                0.012822467961065263,
                0.01220912622436257,
                0.011663694640100693,
                0.011193985503211396,
                0.010774504131254262,
                0.01042630431207265,
                0.01006617044956634,
                0.009695076133184117,
                0.00942684684564215,
                0.00911980976219978,
                0.008913497418773363,
                0.008646823646246091
            ],
            "MSE_PREDICTION:": 0.021861520019359527,
            "VALIDATION_LOSS: ": [
                0.12076558905546783,
                0.07733261964933752,
                0.06889998001801229,
                0.0625954074592609,
                0.056928273558574154,
                0.05201020843202696,
                0.04816691938015026,
                0.04459649748192119,
                0.041292597866980245,
                0.03895486721600368,
                0.03647509463136738,
                0.03455091671950462,
                0.03281070746704458,
                0.031212434686417673,
                0.03002560726969011,
                0.02886782252148102,
                0.027721949527073315,
                0.026819327570025357,
                0.026014856490985633,
                0.025301271372462117,
                0.024495838899019354,
                0.023996155135498163,
                0.02344266962092728,
                0.022941331277552962,
                0.022610266058999812,
                0.022230775163894625,
                0.02184808721164466,
                0.02160220935738945,
                0.021210783349080588,
                0.02103429673078947
            ]
        },
        {
            "ACTIVATION": "relu",
            "BATCH_SIZE": 128,
            "EPOCHS": 30,
            "INPUT_DIM": 100,
            "LAYERS": [
                50
            ],
            "LOSS: ": [
                0.13426133909023205,
                0.05600128744300133,
                0.043849703999386605,
                0.0356184518935049,
                0.02956046267707884,
                0.025085322860302378,
                0.021783071919821564,
                0.019326686407329034,
                0.017372201540763153,
                0.01582499775910065,
                0.014626692546154115,
                0.013630243974323367,
                0.012838526534633965,
                0.012175475190438607,
                0.011564438235438925,
                0.011071340649665421,
                0.010673380498194244,
                0.010323237497781107,
                0.009940638608242597,
                0.009709257919642084,
                0.009407124239098227,
                0.009158050891551726,
                0.008963487938118159,
                0.00875786511448908,
                0.008554348679111031,
                0.008399891557022225,
                0.00826877697895946,
                0.008102072396527592,
                0.007927241041938335,
                0.00781766485258196
            ],
            "MSE_PREDICTION:": 0.014570444986822027,
            "VALIDATION_LOSS: ": [
                0.07254205915495403,
                0.05602652799930219,
                0.04820142124519974,
                0.041755892530200484,
                0.03681551337677585,
                0.03307616230729683,
                0.03022226322965374,
                0.028128994088447358,
                0.025927224009963588,
                0.024553345731397825,
                0.023418133778342246,
                0.022342448195154466,
                0.0215317754331161,
                0.02078671654233615,
                0.020179279441981765,
                0.01964205740974235,
                0.019267484797954728,
                0.01886246553857838,
                0.018556611204861066,
                0.018220531360557568,
                0.017993889211365688,
                0.017931487355500736,
                0.01765518108846159,
                0.017597591373020634,
                0.01758243572511209,
                0.017247568518560612,
                0.017237300657304118,
                0.017108612898962886,
                0.01710308380876366,
                0.01715326352749904
            ]
        },
        {
            "ACTIVATION": "relu",
            "BATCH_SIZE": 128,
            "EPOCHS": 30,