{
    "AVERAGE_MSE": 0.01439543889990251,
    "cognitiveData": "zuco",
    "feature": "TRT",
    "folds": [
        {
            "ACTIVATION": "relu",
            "BATCH_SIZE": 128,
            "EPOCHS": 30,
            "INPUT_DIM": 100,
            "LAYERS": [
                50
            ],
            "LOSS: ": [
                0.13842555484846514,
                0.06542526059499337,
                0.05032532831587228,
                0.0397220844486896,
                0.032196630590491236,
                0.026680611817568218,
                0.022706340208006954,
                0.019753603335729557,
                0.017352946807044942,
                0.015573041945114278,
                0.014082876111926337,
                0.0129005851627732,
                0.011991748215494214,
                0.011183316944685877,
                0.01050620160401372,
                0.009986845516179616,
                0.009498823010612487,
                0.009087855252267163,
                0.008752648064189789,
                0.008440785924302365,
                0.008172355879066973,
                0.00795582136794237,
                0.007715271720126593,
                0.007519686593443575,
                0.007348952445959614,
                0.0071731551355798335,
                0.007038735404575446,
                0.0069125817894950215,
                0.0067749104904572905,
                0.006630365160826512
            ],
            "MSE_PREDICTION:": 0.013848477765359427,
            "VALIDATION_LOSS: ": [
                0.07680725332824825,
                0.06123874850799506,
                0.05124944346510166,
                0.043720552656621656,
                0.03798905499571575,
                0.03338123656177385,
                0.029982217103614605,
                0.027094488096551562,
                0.024744561998836075,
                0.022962475346875292,
                0.02123292963699579,
                0.019964659351560787,
                0.01883027874628986,
                0.01811690374024621,
                0.01728196709907361,
                0.01659284559817333,
                0.016057644142946515,
                0.01566155844501466,
                0.015170858034509595,
                0.014875850526726169,
                0.014478328707478595,
                0.014380575511511614,
                0.014068880938896305,
                0.013879388702219499,
                0.013673438929573647,
                0.013605311592604039,
                0.013456237432032463,
                0.013386068307394354,
                0.013261966035566581,
                0.013194557678296961
            ]
        },
        {
            "ACTIVATION": "relu",
            "BATCH_SIZE": 128,
            "EPOCHS": 30,
            "INPUT_DIM": 100,
            "LAYERS": [
                30
            ],
            "LOSS: ": [
                0.3404972992666136,
                0.0981479303652729,
                0.062193462394431534,
                0.05124278716587634,
                0.043816931405645965,
                0.03794887543091097,
                0.033153700750341734,
                0.029293319426186154,
                0.026076249317837853,
                0.02342952655489231,
                0.02129098459397051,
                0.019414241157632805,
                0.017907219044625163,
                0.016622954824844098,
                0.015500705029249107,
                0.014569674323924912,
                0.01376849797016036,
                0.013006333093256996,
                0.012395589308512124,
                0.011893290262672645,
                0.011346430906129966,
                0.010905005712499648,
                0.010530213390200974,
                0.010167196184125198,
                0.009841330873781114,
                0.00959334111830737,
                0.009297304137421842,
                0.009054440937271051,
                0.008848003148378625,
                0.008640953190916841
            ],
            "MSE_PREDICTION:": 0.01570637853864733,
            "VALIDATION_LOSS: ": [
                0.14527252778485258,
                0.07453582507537589,
                0.058847672512445465,
                0.051323548386820024,
                0.04584399070949191,
                0.041219985047494696,
                0.0374726814032663,
                0.03402649866402446,
                0.03133573247676055,
                0.028982987687129765,
                0.027030419479957327,
                0.025335805359179005,
                0.023892863874648267,
                0.022692966239735303,
                0.021585828439463314,
                0.020632812588695364,
                0.019862241535869057,
                0.01913180735947316,
                0.018529114572972547,
                0.01789789673416256,
                0.017440687130183426,
                0.016992513547071965,
                0.016504044031839835,
                0.01613215446015468,
                0.015820720584841387,
                0.015583306595454748,
                0.015285443980578687,
                0.015029813932999703,
                0.014758823653225039,
                0.014511905329106794
            ]
        },
        {
            "ACTIVATION": "relu",
            "BATCH_SIZE": 128,
            "EPOCHS": 30,
            "INPUT_DIM": 100,
            "LAYERS": [
                50
            ],
            "LOSS: ": [
                0.17804033299262373,
                0.06590337483662162,
                0.050880718875342436,
                0.04101026923093773,
                0.03377174237297194,
                0.028315585528204432,
                0.024138177864384977,
                0.020892981816938994,
                0.018430999854144363,
                0.01650285926210787,
                0.01483406305991643,
                0.013657605478341217,
                0.012544830676285718,
                0.011650505304240942,
                0.010954601816817086,
                0.010331016383942989,
                0.009799395562396066,
                0.009371927714782312,
                0.008988627993636665,
                0.008652409092883171,
                0.008333275030559448,
                0.008039919596920303,
                0.007805187045592391,
                0.007595760607950866,
                0.007396873094741008,
                0.007204482051363138,
                0.0070460189819054435,
                0.006928375754502076,
                0.006776554011554721,
                0.006597687883826739
            ],
            "MSE_PREDICTION:": 0.014197270393479547,
            "VALIDATION_LOSS: ": [
                0.07738339801664787,
                0.059244256440074805,
                0.05031515726937792,
                0.04378053412128158,
                0.03828891290515045,
                0.03406613894969926,
                0.030414918441582985,
                0.027547131266633443,
                0.025286289542669156,
                0.0233709683013829,
                0.021833991896061073,
                0.02044313361022571,
                0.019236469940041443,
                0.018367057529438076,
                0.01758191990383973,
                0.016892712732547322,
                0.016358268015745147,
                0.01572574777309587,
                0.015280312659379548,
                0.014941462194805943,
                0.014574964640958133,
                0.014273784720124472,
                0.014060879213813791,
                0.013836350184430501,
                0.013648143160294314,
                0.01355203409783452,
                0.013364990021441337,
                0.01327774200604396,
                0.013210999063154415,
                0.013074278854715212
            ]
        },
        {
            "ACTIVATION": "relu",
            "BATCH_SIZE": 128,