{
    "AVERAGE_MSE": 0.05937072534787939,
    "cognitiveData": "provo",
    "feature": "IA_FIRST_RUN_DWELL_TIME",
    "folds": [
        {
            "ACTIVATION": "relu",
            "BATCH_SIZE": 128,
            "EPOCHS": 30,
            "INPUT_DIM": 100,
            "LAYERS": [
                30
            ],
            "LOSS: ": [
                0.8643840379105628,
                0.5571267595626478,
                0.3554744009394997,
                0.2335836401730009,
                0.16256661026852004,
                0.12274939821167222,
                0.0986553133939797,
                0.08295724125607754,
                0.07144796537749763,
                0.06369502011744073,
                0.05717029238493528,
                0.05255935586490516,
                0.048735052085198835,
                0.04564958248498305,
                0.04301592379194999,
                0.0405139009792543,
                0.03848992123254168,
                0.03656539104329374,
                0.03479602044419502,
                0.0332894375672369,
                0.031882028847830576,
                0.03043180266411186,
                0.029060687128563075,
                0.02786561686986511,
                0.026716986431470253,
                0.02546607632043022,
                0.0243996780295417,
                0.023358197475417706,
                0.02242494413971032,
                0.021527568395944444
            ],
            "MSE_PREDICTION:": 0.06270607278701261,
            "VALIDATION_LOSS: ": [
                0.6553110202697858,
                0.4402704990073426,
                0.3020998500797847,
                0.21646197589292918,
                0.16483338156791583,
                0.13550847166613356,
                0.11751953910474908,
                0.10501525295923834,
                0.09570841287096886,
                0.08938250139559785,
                0.08501688064369436,
                0.08105591255916308,
                0.07822693139314651,
                0.07584369274443142,
                0.07338887922567865,
                0.07078382546362812,
                0.0687323926042204,
                0.06710653185640296,
                0.06564337336649634,
                0.06430312552272457,
                0.0632801979065758,
                0.061892151832580566,
                0.06082101212176558,
                0.059781590655241926,
                0.0583907897035553,
                0.057210570430918914,
                0.05688302953765817,
                0.05631661976445211,
                0.05576157830145261,
                0.05514522754166224
            ]
        },
        {
            "ACTIVATION": "relu",
            "BATCH_SIZE": 128,
            "EPOCHS": 30,
            "INPUT_DIM": 100,
            "LAYERS": [
                50
            ],
            "LOSS: ": [
                1.139090250020984,
                0.6150319276706636,
                0.3245333666764647,
                0.1817351888424332,
                0.12422688923916726,
                0.09806375098167112,
                0.08285214640775226,
                0.07180458728358226,
                0.06433897345338023,
                0.05903707042106429,
                0.05445855997157751,
                0.05075184678847344,
                0.047418718074494735,
                0.04441973194160449,
                0.04158508909249592,
                0.038905427121840044,
                0.03644568317507491,
                0.03426480476343509,
                0.03226530869486606,
                0.030241344683191788,
                0.028120142498770873,
                0.0265644920149604,
                0.02495652408934938,
                0.02348457294712754,
                0.022098048146028153,
                0.020710194758163512,
                0.019444681751968316,
                0.01830205774033765,
                0.01732968038992755,
                0.016310555754967454
            ],
            "MSE_PREDICTION:": 0.08051709911374003,
            "VALIDATION_LOSS: ": [
                0.7293293647570153,
                0.4123510914306118,
                0.2466735737781002,
                0.17462443978819128,
                0.14423264624321297,
                0.12997591128088024,
                0.12050151488144104,
                0.11363179430569688,
                0.10844386399608769,
                0.10665460890286589,
                0.10480242355229104,
                0.10260609741488548,
                0.10132498141020944,
                0.09944018109204018,
                0.09797715048675668,
                0.0973249712627228,
                0.09719960473171652,
                0.0966143201883525,
                0.09478622572879268,
                0.09347388587177616,
                0.09234370556596207,
                0.09080936065683626,
                0.08994449848589832,
                0.08920257834539022,
                0.08936166023350742,
                0.08912020635931459,
                0.08849153657482095,
                0.08762654498831866,
                0.08685313267250584,
                0.08625316701523245
            ]
        },
        {
            "ACTIVATION": "relu",
            "BATCH_SIZE": 128,
            "EPOCHS": 30,
            "INPUT_DIM": 100,
            "LAYERS": [
                50
            ],
            "LOSS: ": [
                0.2086566845737845,
                0.11896295997587322,
                0.0801363495748816,
                0.06087079241641799,
                0.051721087354994144,
                0.045542713027850026,
                0.04050660311000016,
                0.03649154764250253,
                0.03366433594561155,
                0.03071149913386456,
                0.027888512714904945,
                0.02591539222402035,
                0.023673646551385957,
                0.021727228398222356,
                0.02001691001625556,
                0.01851355207774079,
                0.017219578947929432,
                0.0160179263904154,
                0.014969335709208076,
                0.013967382707225725,
                0.012990256308180187,
                0.01204904105744323,
                0.011276505818817362,
                0.01052541427528342,
                0.009861136321777136,
                0.009262355865581572,
                0.008697421591901452,
                0.00820982193144591,
                0.007722466350189613,
                0.007287192446743593
            ],
            "MSE_PREDICTION:": 0.04659468342130202,
            "VALIDATION_LOSS: ": [
                0.1680553573859881,
                0.12307241610059999,
                0.09777161172808033,
                0.08543632730637511,
                0.07987252449336117,
                0.07576299530186065,
                0.07149983273997698,
                0.0687273530519172,
                0.06629052594916461,
                0.06379875178410582,
                0.06184249861191397,
                0.06065481151007626,
                0.05871815581436027,
                0.05790151614848882,
                0.05671714470811086,
                0.05541954556964848,
                0.05502104432615515,
                0.05409519792827841,
                0.052956790395387233,
                0.053123195489791976,
                0.05217130727147403,
                0.052054353058338165,
                0.051112217037645104,
                0.0501745294218194,
                0.04962411186058227,
                0.04886877179554064,
                0.048423571078336405,
                0.04850620730486635,
                0.04830372690746229,
                0.04843724820099465
            ]
        },
        {
            "ACTIVATION": "relu",
            "BATCH_SIZE": 128,
            "EPOCHS": 30,
            "INPUT_DIM": 100,
            "LAYERS": [
                30
            ],