{
    "AVERAGE_MSE": 0.007490581876201036,
    "cognitiveData": "dundee",
    "feature": "nRefix",
    "folds": [
        {
            "ACTIVATION": "relu",
            "BATCH_SIZE": 128,
            "EPOCHS": 30,
            "INPUT_DIM": 100,
            "LAYERS": [
                30
            ],
            "LOSS: ": [
                0.2335197504406285,
                0.0661319522796989,
                0.048288143020729916,
                0.03844492644355448,
                0.03137809763852133,
                0.025784070789469017,
                0.021554713884206152,
                0.018435751620957556,
                0.015955320980317544,
                0.014056075325417824,
                0.01264972976806981,
                0.01149741887421851,
                0.010442891788367936,
                0.009656746006116245,
                0.009006261652455529,
                0.008475405844782282,
                0.008086493929136185,
                0.00763865353822716,
                0.0073581381617090534,
                0.007016451171456285,
                0.006817506329812043,
                0.006876983761024516,
                0.006394627029210514,
                0.006236650927999146,
                0.006064725961099523,
                0.00594089814670727,
                0.00581061969585012,
                0.005740481212819943,
                0.005699338331421361,
                0.005556499071520023
            ],
            "MSE_PREDICTION:": 0.009371117911679987,
            "VALIDATION_LOSS: ": [
                0.08809491369932416,
                0.059063857399597366,
                0.04847344264939979,
                0.0406693681522652,
                0.034599708669163565,
                0.02979982905484066,
                0.025972927964869,
                0.022955906235430607,
                0.020475328798410755,
                0.01853673360335133,
                0.016886633158557946,
                0.015583398330109145,
                0.014508204125656338,
                0.013641734019158379,
                0.012897977058494848,
                0.012303107562992308,
                0.01168338382941863,
                0.011188990082690324,
                0.010728421758012797,
                0.010343813442836993,
                0.010064747678263793,
                0.009829750615689489,
                0.009518768210653906,
                0.009314312198490063,
                0.009074991016042611,
                0.008920114569208293,
                0.00881079104901464,
                0.008654364327057486,
                0.00855293761958521,
                0.008440412316845839
            ]
        },
        {
            "ACTIVATION": "relu",
            "BATCH_SIZE": 128,
            "EPOCHS": 30,
            "INPUT_DIM": 100,
            "LAYERS": [
                30
            ],
            "LOSS: ": [
                0.13161903988944032,
                0.052808144819402936,
                0.038925839176780726,
                0.029774255371222674,
                0.023231543387164513,
                0.018826374398596916,
                0.01566158158931093,
                0.013551898851260328,
                0.011712814851812225,
                0.010470719257068273,
                0.009509824077881018,
                0.008767903819743666,
                0.008187740692753753,
                0.007784904890306484,
                0.007379813136032435,
                0.007086745235501718,
                0.006844753881200324,
                0.006657935180701623,
                0.0065037374252746435,
                0.00637580213670581,
                0.006266388612947072,
                0.006178087304638387,
                0.006125196171657728,
                0.006033379729011199,
                0.005998907596405011,
                0.005944304139701888,
                0.005883948573132233,
                0.005873798475015422,
                0.005861748094193786,
                0.005825794940216945
            ],
            "MSE_PREDICTION:": 0.006471281374946807,
            "VALIDATION_LOSS: ": [
                0.06370891249842114,
                0.04646822248817121,
                0.03633466118148395,
                0.029130676199519444,
                0.02393906225287725,
                0.02009163688296679,
                0.017309071214268446,
                0.015027305103404812,
                0.01338591141892331,
                0.012064816825407207,
                0.011045762568357445,
                0.01023868380222844,
                0.009597850748628536,
                0.009136327594597503,
                0.008712295153567558,
                0.00832831134093265,
                0.008019522657844598,
                0.007775292497266222,
                0.00759221469815919,
                0.007438880327852473,
                0.007332333014716232,
                0.007326845165401224,
                0.007144931731400667,
                0.007075583514949632,
                0.007002719410907024,
                0.006953756890146347,
                0.0070453420315903644,
                0.006905709602746856,
                0.006899518383637307,
                0.006928012871907817
            ]
        },
        {
            "ACTIVATION": "relu",
            "BATCH_SIZE": 128,
            "EPOCHS": 30,
            "INPUT_DIM": 100,
            "LAYERS": [
                30
            ],
            "LOSS: ": [
                0.16190593341197917,
                0.057447233157498494,
                0.04200768216104104,
                0.03274985892234971,
                0.02603452643823056,
                0.0212906807493517,
                0.017791215078067527,
                0.015229933113648148,
                0.013326507725964777,
                0.011805616189090033,
                0.010673361894226185,
                0.0097871504103144,
                0.009086093720462587,
                0.008518532129428375,
                0.008105055362025581,
                0.007717167272197979,
                0.00737816346365781,
                0.007144205833947848,
                0.006935449657104318,
                0.006744758310732703,
                0.006582719185660598,
                0.0064477555926830046,
                0.006345394781972996,
                0.006311531243205228,
                0.006151143550779178,
                0.006055766440652035,
                0.006027040313732214,
                0.005931286550269871,
                0.005899577441985014,
                0.005844071971144153
            ],
            "MSE_PREDICTION:": 0.006361443875151858,
            "VALIDATION_LOSS: ": [
                0.07301936341183526,
                0.04925978877951229,
                0.03959689236507214,
                0.03217794459175181,
                0.026802715255075663,
                0.022856253188438515,
                0.01967760743721137,
                0.017317718322630283,
                0.015380404517054557,
                0.013984070356600183,
                0.012844355446754625,
                0.01194944610947339,
                0.011140041327271512,
                0.010496021003004105,
                0.010019989711818871,
                0.00955650369641642,
                0.009254951727768732,
                0.008956779465670623,
                0.008730750225937714,
                0.008482099419075345,
                0.008276325439117731,
                0.008151040021724329,
                0.008028645547372953,
                0.007943122294391432,
                0.007854449581946173,
                0.0077547786727784175,
                0.007713952467397407,
                0.007690546199403427,
                0.0076401573719170985,
                0.007586439224896292
            ]
        },
        {
            "ACTIVATION": "relu",
            "BATCH_SIZE": 128,