{
    "AVERAGE_MSE": 0.01100766418392907,
    "cognitiveData": "dundee",
    "feature": "nFix",
    "folds": [
        {
            "ACTIVATION": "relu",
            "BATCH_SIZE": 128,
            "EPOCHS": 30,
            "INPUT_DIM": 100,
            "LAYERS": [
                30
            ],
            "LOSS: ": [
                0.12505062086056,
                0.054210955904702346,
                0.04035969592437674,
                0.031223627474868183,
                0.025049571567370883,
                0.020683070971974384,
                0.017592958950973927,
                0.015394294363405753,
                0.01377263495198104,
                0.012452804802702933,
                0.011450273796614396,
                0.010711701438008344,
                0.0101269859298699,
                0.009667811222053608,
                0.009279705737811703,
                0.009018472633750245,
                0.00876920204166087,
                0.00852938878501135,
                0.008368280722831987,
                0.008217220142890787,
                0.008084303000479846,
                0.008028031414184232,
                0.007928748194826613,
                0.00782849100244174,
                0.0077943483074082946,
                0.007709523719230418,
                0.007650019710148937,
                0.007615354654314752,
                0.00758392079557126,
                0.007516668045724271
            ],
            "MSE_PREDICTION:": 0.009930685358367903,
            "VALIDATION_LOSS: ": [
                0.06643934284568463,
                0.04943543713559549,
                0.03927823106842066,
                0.03200191580665805,
                0.026714599095087832,
                0.022857838070818357,
                0.02007922103835477,
                0.018123140243231934,
                0.016346204143865083,
                0.015012095318663689,
                0.014051172577790799,
                0.013178790421791809,
                0.012494854260452841,
                0.011958816545034842,
                0.011524222273793485,
                0.011338221882938078,
                0.01088713317242249,
                0.010698477241885725,
                0.01048225742818975,
                0.010303116204443748,
                0.010175640253281151,
                0.010119638679716637,
                0.010003883975050436,
                0.009910185416302984,
                0.009870159710762362,
                0.009851462933082113,
                0.009742126926267273,
                0.009773379586952388,
                0.00972371068265703,
                0.009702750382126955
            ]
        },
        {
            "ACTIVATION": "relu",
            "BATCH_SIZE": 128,
            "EPOCHS": 30,
            "INPUT_DIM": 100,
            "LAYERS": [
                30
            ],
            "LOSS: ": [
                0.16001601577399466,
                0.06257799412414011,
                0.04634894501407526,
                0.035844155427702744,
                0.028693990402548563,
                0.023652275424203728,
                0.019992666867037885,
                0.01742077074027819,
                0.015372146792682229,
                0.013863586407425361,
                0.012700877311197298,
                0.011764699939583179,
                0.011041920988438921,
                0.010526778198234547,
                0.010007388203649164,
                0.009613461075034,
                0.009320296228508216,
                0.00902625320679855,
                0.008781756046715395,
                0.00860996265481812,
                0.00842979440916754,
                0.008287969151607151,
                0.008190025512561773,
                0.008045197234005189,
                0.007983198791312578,
                0.007910006283483645,
                0.007794245012042415,
                0.007763009819010291,
                0.0077217424024482425,
                0.007654696219400033
            ],
            "MSE_PREDICTION:": 0.00995696924168965,
            "VALIDATION_LOSS: ": [
                0.07399366229930252,
                0.053132397551385185,
                0.04266308698231581,
                0.03501920329515265,
                0.029504814956869397,
                0.025392289006363148,
                0.022307485996415376,
                0.020036364394047903,
                0.018167497244264398,
                0.01666964183921221,
                0.015522431469862423,
                0.014605041800273789,
                0.013848679888224791,
                0.01322442004900603,
                0.01271408052139339,
                0.012309706228829565,
                0.011896420142086094,
                0.01163227357778442,
                0.011369628556782292,
                0.011172758591750627,
                0.010957542558511097,
                0.010921708725038028,
                0.010646558120334274,
                0.010562583406963361,
                0.010470316816298734,
                0.01040949396907337,
                0.010536521590418286,
                0.01030652033234084,
                0.010296197861393607,
                0.010345158269678158
            ]
        },
        {
            "ACTIVATION": "relu",
            "BATCH_SIZE": 128,
            "EPOCHS": 30,
            "INPUT_DIM": 100,
            "LAYERS": [
                30
            ],
            "LOSS: ": [
                0.17907565570382214,
                0.0680920687459764,
                0.05087554066900223,
                0.039643603665803474,
                0.03168941659350244,
                0.02595449770805697,
                0.0219151915105247,
                0.018851942423159483,
                0.016611046658424788,
                0.014829436966548206,
                0.013499931043023786,
                0.012449118965083645,
                0.011599163995888184,
                0.010940736461253393,
                0.010420922176153572,
                0.009983914967370097,
                0.009570239637066763,
                0.009289194464131638,
                0.009034700587234169,
                0.008810304338851618,
                0.008611226912647013,
                0.008467845353618185,
                0.008349498905359753,
                0.00828608366803675,
                0.00810938180182819,
                0.008010908239890658,
                0.007932756104501625,
                0.00784487559721268,
                0.007829730230427923,
                0.007722813857807999
            ],
            "MSE_PREDICTION:": 0.009307682570975041,
            "VALIDATION_LOSS: ": [
                0.08623343053318205,
                0.0616030760385372,
                0.04941235642348017,
                0.04041006047495459,
                0.03383015528439529,
                0.029296792866218658,
                0.025442248208339884,
                0.022542986403855065,
                0.02038750001993129,
                0.018602865743179802,
                0.017201827442835247,
                0.016061782243627087,
                0.015142962385816548,
                0.014437719924306428,
                0.013818845061200952,
                0.013230099270819987,
                0.012821828868614618,
                0.01239427790518791,
                0.012179312112903785,
                0.011859816399516252,
                0.011551495517293613,
                0.011399795727991553,
                0.01121039646997969,
                0.011085104491936152,
                0.01098595497262462,
                0.010856351168658683,
                0.01076468619759436,
                0.01079129222484808,
                0.010673912417478662,
                0.010576077690101647
            ]
        },
        {
            "ACTIVATION": "relu",
            "BATCH_SIZE": 128,