{
    "AVERAGE_MSE": 0.009548418540754876,
    "cognitiveData": "dundee",
    "feature": "nRegres_from",
    "folds": [
        {
            "ACTIVATION": "relu",
            "BATCH_SIZE": 128,
            "EPOCHS": 30,
            "INPUT_DIM": 100,
            "LAYERS": [
                30
            ],
            "LOSS: ": [
                0.24531412568573663,
                0.0857726206089047,
                0.06455005501818446,
                0.05062042300793044,
                0.04031949677078426,
                0.03287586163399727,
                0.027538704528777762,
                0.02342852784247034,
                0.0201775368893469,
                0.01779699259812047,
                0.015824175418090537,
                0.014360135607014815,
                0.013073431146947784,
                0.012114007107643425,
                0.011297269701516129,
                0.010692361670551532,
                0.010040094245302566,
                0.009600214645259633,
                0.00913969244766561,
                0.008805820975417671,
                0.008554087557763015,
                0.00821284319116176,
                0.008014633007141088,
                0.00783485140371045,
                0.007655254209603617,
                0.007484661900131706,
                0.007347034848930778,
                0.007246603734519238,
                0.007173773340899598,
                0.007047365290938404
            ],
            "MSE_PREDICTION:": 0.010359179092162224,
            "VALIDATION_LOSS: ": [
                0.1099846951624073,
                0.08052040538775226,
                0.06507580497119793,
                0.05434295842966075,
                0.04543579980021431,
                0.03872035455017809,
                0.03353651177788538,
                0.029435334957781292,
                0.026430826961363434,
                0.023578374515529032,
                0.021441360777884565,
                0.019655262921301146,
                0.018239274015896534,
                0.017003385874408264,
                0.016020757255573122,
                0.01521019057602321,
                0.01433264964688865,
                0.013740707257831539,
                0.013174652970499462,
                0.012693881122247567,
                0.01230056599846908,
                0.011994843234224294,
                0.011667736726147787,
                0.011357861495128385,
                0.011102648329719033,
                0.010895442852267512,
                0.010694781613964883,
                0.010527919355050597,
                0.010363472219576281,
                0.010221678234400258
            ]
        },
        {
            "ACTIVATION": "relu",
            "BATCH_SIZE": 128,
            "EPOCHS": 30,
            "INPUT_DIM": 100,
            "LAYERS": [
                50
            ],
            "LOSS: ": [
                0.1438174384817006,
                0.06121341850574582,
                0.04481801837175111,
                0.03374319386578932,
                0.026507961890141648,
                0.021401793557131853,
                0.017885869707976766,
                0.015362763583693638,
                0.013361579584302032,
                0.011952353350560408,
                0.010826357665645084,
                0.009974033991053536,
                0.00929522898881905,
                0.008723143908304976,
                0.00834357244625317,
                0.007965775674132857,
                0.007648521798838658,
                0.007400247896303791,
                0.0071902813618816164,
                0.007017894922890571,
                0.006868524783579104,
                0.006717764651238966,
                0.006615443300800296,
                0.006518279563094462,
                0.0064100164580101595,
                0.006299289488324183,
                0.006236177794231176,
                0.006170505766953594,
                0.006271782851071871,
                0.0060093306570644925
            ],
            "MSE_PREDICTION:": 0.01014593777676388,
            "VALIDATION_LOSS: ": [
                0.07623364515405483,
                0.058572790334149014,
                0.046291120835239924,
                0.037713620987124545,
                0.03147367824401174,
                0.02710245421560353,
                0.02358949446173572,
                0.02106802173195377,
                0.01904979620385107,
                0.017262931491332078,
                0.015923636578141696,
                0.014933478577979028,
                0.0140484303433113,
                0.013345938278411431,
                0.012700390463901891,
                0.01222352678123763,
                0.011752524584650047,
                0.01152352308608079,
                0.011199216817618993,
                0.010898024137452165,
                0.010743191270601181,
                0.010612873505387041,
                0.010464125853918848,
                0.010335891340026465,
                0.010219123994034749,
                0.010164297275521136,
                0.010155055266878907,
                0.010164190231571122,
                0.010113942842910844,
                0.010050026142092609
            ]
        },
        {
            "ACTIVATION": "relu",
            "BATCH_SIZE": 128,
            "EPOCHS": 30,
            "INPUT_DIM": 100,
            "LAYERS": [
                30
            ],
            "LOSS: ": [
                0.16143539443848626,
                0.05907074172818472,
                0.04337991688735586,
                0.03369465355401632,
                0.02693194507685288,
                0.0221704134619031,
                0.01862349155403319,
                0.01608388595795505,
                0.014201451161945308,
                0.012756932038005698,
                0.011609690831530663,
                0.010749106890664845,
                0.01004821503308242,
                0.009562394925683894,
                0.009098493781374404,
                0.008717548667832658,
                0.008442611638555135,
                0.008204867415839718,
                0.007996441550533135,
                0.007826323804036571,
                0.007683058675358851,
                0.007577524450238025,
                0.0074858113256081075,
                0.007401060780125951,
                0.0073151880158259285,
                0.007239838003146428,
                0.007175472040818364,
                0.007133670569096923,
                0.007112323939208946,
                0.007061581586600927
            ],
            "MSE_PREDICTION:": 0.008404065537438244,
            "VALIDATION_LOSS: ": [
                0.07630804109352607,
                0.05364850850963088,
                0.04262177144330015,
                0.03478024530190009,
                0.028823116338915294,
                0.024369936331948908,
                0.02107639547693666,
                0.01849543323553113,
                0.016481234788618706,
                0.015098102446941156,
                0.01381865797771348,
                0.012861382435002025,
                0.01212153864344434,
                0.011592989802242272,
                0.01099573207634782,
                0.010549833785210338,
                0.010210754935723291,
                0.009929491015811446,
                0.00967540061939015,
                0.009449832690337664,
                0.009276169031937287,
                0.009112901195253015,
                0.009015775569985625,
                0.008936965381283135,
                0.0088426409796787,
                0.008742573126046746,
                0.008753123772995813,
                0.008751283521966014,
                0.008662664689241893,
                0.008595161080833465
            ]
        },
        {
            "ACTIVATION": "relu",
            "BATCH_SIZE": 128,