{
    "AVERAGE_MSE": 0.009992667961125407,
    "cognitiveData": "dundee",
    "feature": "nRegres_to",
    "folds": [
        {
            "ACTIVATION": "relu",
            "BATCH_SIZE": 128,
            "EPOCHS": 30,
            "INPUT_DIM": 100,
            "LAYERS": [
                50
            ],
            "LOSS: ": [
                0.12489676225266612,
                0.053161241688284705,
                0.039089051456852146,
                0.029915971179037028,
                0.02376318504011971,
                0.019407468879717865,
                0.016371425613563816,
                0.014179979277894696,
                0.01256751796835128,
                0.011313954404333365,
                0.010343751946484141,
                0.009638898566592929,
                0.00900552065179091,
                0.008538820962112963,
                0.008147619958148382,
                0.007875638927331455,
                0.00758065422103627,
                0.007407145821719175,
                0.007163313152931383,
                0.006959104761412289,
                0.006917374009158813,
                0.006707372508542288,
                0.006593125471552036,
                0.006498390976702116,
                0.006408710039231469,
                0.006316046170431508,
                0.006226628188798846,
                0.00615445772049593,
                0.0060936610123485365,
                0.006004933569011593
            ],
            "MSE_PREDICTION:": 0.010289273669340888,
            "VALIDATION_LOSS: ": [
                0.06765478648363597,
                0.05198844395696171,
                0.04199841205799391,
                0.034270810879885205,
                0.02903733395000614,
                0.02508250869534634,
                0.022113915416535245,
                0.019886814828508747,
                0.018150216680039806,
                0.016674592086759508,
                0.015602259169377032,
                0.014579855897045009,
                0.01387468495519546,
                0.013294847230747264,
                0.01280866550212657,
                0.012411085328964329,
                0.01209273383553539,
                0.01178940458607579,
                0.011523572864040496,
                0.011301023955580103,
                0.011134227554476451,
                0.011018657084140513,
                0.01088617639665408,
                0.010802060901803315,
                0.010781883239430726,
                0.010667113524186547,
                0.01064271540159271,
                0.010595437275275352,
                0.010620875946349568,
                0.010620836674102714
            ]
        },
        {
            "ACTIVATION": "relu",
            "BATCH_SIZE": 128,
            "EPOCHS": 30,
            "INPUT_DIM": 100,
            "LAYERS": [
                30
            ],
            "LOSS: ": [
                0.14091455901638195,
                0.059689298403718075,
                0.04384688305271683,
                0.034051903171625215,
                0.027059732136831726,
                0.02219247786489105,
                0.01862184452204686,
                0.016133839114199383,
                0.014245149401157113,
                0.012712162570666385,
                0.011593398014210408,
                0.010717841865819375,
                0.010045985368446732,
                0.009464776835978852,
                0.0091021200439314,
                0.008695873442518817,
                0.008365722055499998,
                0.008124638542283796,
                0.007903589962529378,
                0.007716295193858126,
                0.007580574787808192,
                0.007479732135793248,
                0.0073403504899259295,
                0.007263808724561486,
                0.007156741686910982,
                0.007079263187561469,
                0.007003230364819,
                0.006955480991311609,
                0.0070012509398088936,
                0.006832030095849474
            ],
            "MSE_PREDICTION:": 0.008893984396536292,
            "VALIDATION_LOSS: ": [
                0.07311710280085366,
                0.052130192585250056,
                0.041145469630679124,
                0.033439033102027324,
                0.027685140637020586,
                0.023477084767171946,
                0.020460063035762498,
                0.018135147269756076,
                0.01620216595807246,
                0.014806247283778494,
                0.0137082406827224,
                0.01286174848123833,
                0.012119578867756501,
                0.011534074328287885,
                0.011044942998578625,
                0.01073858642053825,
                0.010381679587736331,
                0.010111009811479894,
                0.009855483441795937,
                0.009698082322363185,
                0.009554276854371425,
                0.009466218498964158,
                0.009308661638744293,
                0.009229930919944925,
                0.009156042413303145,
                0.009100445568876922,
                0.009087461348938406,
                0.009056133318633313,
                0.009029094661985124,
                0.009002914415701987
            ]
        },
        {
            "ACTIVATION": "relu",
            "BATCH_SIZE": 128,
            "EPOCHS": 30,
            "INPUT_DIM": 100,
            "LAYERS": [
                30
            ],
            "LOSS: ": [
                0.2678650372242801,
                0.08070142581349328,
                0.06349467967868481,
                0.051868458285375875,
                0.042733965798345194,
                0.035742927985216576,
                0.030356457135664722,
                0.026165468868597476,
                0.022777081951104776,
                0.020181236597438337,
                0.01809548904537839,
                0.01639301503698031,
                0.01498823614505233,
                0.013795054665515347,
                0.012904506753243151,
                0.012042080725311603,
                0.011405902748148908,
                0.01080061079510463,
                0.010330983438583278,
                0.009905533071252562,
                0.00948638041804313,
                0.009155131917860772,
                0.008871032193145424,
                0.008600940082650927,
                0.008374879683648783,
                0.008225765940363682,
                0.00800899441043536,
                0.0078604636920823,
                0.007697942796306163,
                0.007558021195745342
            ],
            "MSE_PREDICTION:": 0.011330400287244722,
            "VALIDATION_LOSS: ": [
                0.09810209395708862,
                0.0727721844242994,
                0.061932900169539076,
                0.05226870270633193,
                0.04523119477840958,
                0.039617977311056124,
                0.03467367213396799,
                0.030829337262918078,
                0.027591143924959753,
                0.025094158297020292,
                0.023002687863335407,
                0.021202119508827173,
                0.019881235143889196,
                0.018574559040091657,
                0.017660498828011215,
                0.01668265510803808,
                0.015946136564804765,
                0.01519939520115417,
                0.014645641248811174,
                0.014095723630968856,
                0.01364050275848183,
                0.01326229645816422,
                0.012858258551430135,
                0.012582834666131665,
                0.012327834149753606,
                0.012042936453073428,
                0.011863359592105976,
                0.011616604012392817,
                0.01153724565510712,
                0.011278171101141543
            ]
        },
        {
            "ACTIVATION": "relu",
            "BATCH_SIZE": 128,