{
    "AVERAGE_MSE": 0.020298905987386446,
    "cognitiveData": "dundee",
    "feature": "Mean_fix_dur",
    "folds": [
        {
            "ACTIVATION": "relu",
            "BATCH_SIZE": 128,
            "EPOCHS": 30,
            "INPUT_DIM": 100,
            "LAYERS": [
                30
            ],
            "LOSS: ": [
                0.19480741807713145,
                0.06376213657768659,
                0.04933554399327352,
                0.040951199799515864,
                0.03463729951007804,
                0.029801153400076306,
                0.026326983406171862,
                0.02382790240545266,
                0.021698323386840947,
                0.02003036437274989,
                0.01869941674412393,
                0.017752155154955294,
                0.016880611826598304,
                0.01608230940244066,
                0.015498625069712738,
                0.015076165867545314,
                0.014638412490246598,
                0.014217120382990498,
                0.01394554902981158,
                0.013641238110446752,
                0.013383474793097363,
                0.013179715164609472,
                0.01292364492615455,
                0.012759656445146048,
                0.012673570291400508,
                0.01247502746261811,
                0.012427027882198158,
                0.012276745789302044,
                0.012080420437844906,
                0.011889877236289415
            ],
            "MSE_PREDICTION:": 0.0174237020712881,
            "VALIDATION_LOSS: ": [
                0.083201744356168,
                0.05800079813315755,
                0.04957597903000615,
                0.043000931809188195,
                0.03823201834918961,
                0.03406822792988606,
                0.0313819157817061,
                0.028919199566361766,
                0.02697881844742273,
                0.0253422904779356,
                0.024246869754617806,
                0.02318698831848682,
                0.02227318890235096,
                0.021719814330418273,
                0.021015648461050456,
                0.020680740804820463,
                0.02013714189922053,
                0.019822692741004247,
                0.019310504972698195,
                0.019195253230513087,
                0.019047294440802442,
                0.018658034298470412,
                0.018511813817910415,
                0.01843100695934876,
                0.018445191723565575,
                0.01822869292406178,
                0.018115224316716194,
                0.018199474567537587,
                0.017985446979759862,
                0.01788354001584507
            ]
        },
        {
            "ACTIVATION": "relu",
            "BATCH_SIZE": 128,
            "EPOCHS": 30,
            "INPUT_DIM": 100,
            "LAYERS": [
                30
            ],
            "LOSS: ": [
                0.22513214676275126,
                0.0865888257796431,
                0.06484335351191764,
                0.052256096494503,
                0.04335363213288782,
                0.03669558603374207,
                0.03161529392518526,
                0.02785216382812974,
                0.025030777454159377,
                0.022872683604338178,
                0.020983795935781147,
                0.019525105547012554,
                0.018391865332584908,
                0.017464768216910856,
                0.016575856882532266,
                0.015927759197840344,
                0.015343619158159079,
                0.014912799250357664,
                0.014471893389389572,
                0.01414830770768853,
                0.013808159558056901,
                0.013568657322673768,
                0.013282307407757502,
                0.01307050408067322,
                0.012902001878521417,
                0.012758604035420654,
                0.012544721508388056,
                0.01238602044028546,
                0.012241114902798344,
                0.012089529483160073
            ],
            "MSE_PREDICTION:": 0.017714340784281236,
            "VALIDATION_LOSS: ": [
                0.1061405576568432,
                0.07702133495498587,
                0.06339777496362489,
                0.05394369564832203,
                0.046650839009612956,
                0.041033630301712684,
                0.03682303173201425,
                0.0334646582209244,
                0.030730385120425904,
                0.028439629667256244,
                0.026729422161188076,
                0.025336113416407475,
                0.024048833850593795,
                0.023087293840944767,
                0.02225855261521049,
                0.0214380178462576,
                0.02083443943115454,
                0.02043161577885113,
                0.01986943061941515,
                0.019528994488495367,
                0.019148284920230112,
                0.0192857360812249,
                0.018859643404367108,
                0.018607819350387054,
                0.01841831809432103,
                0.018364282289431207,
                0.01817489973215199,
                0.017947918602398465,
                0.017884920781882353,
                0.01798396850665095
            ]
        },
        {
            "ACTIVATION": "relu",
            "BATCH_SIZE": 128,
            "EPOCHS": 30,
            "INPUT_DIM": 100,
            "LAYERS": [
                50
            ],
            "LOSS: ": [
                0.2269742263214929,
                0.07802891466352675,
                0.06344384771806222,
                0.051973602593575835,
                0.04361357069007619,
                0.037036292081472105,
                0.03211514016702061,
                0.02837934367082737,
                0.025192690589440563,
                0.023032955971186753,
                0.021100455010063433,
                0.01958035386349789,
                0.018260284262911354,
                0.017299295625792292,
                0.01626120202795223,
                0.015526041349090596,
                0.014896092288905666,
                0.014318628291348143,
                0.013792435515908495,
                0.013325990320099568,
                0.01295805252378895,
                0.012617121073146345,
                0.01234433350976182,
                0.01215768652184615,
                0.011847785040341988,
                0.011590788840616822,
                0.011329609960830085,
                0.011071545879046123,
                0.01098599393492338,
                0.010645819695853683
            ],
            "MSE_PREDICTION:": 0.020078161082274438,
            "VALIDATION_LOSS: ": [
                0.09094431830777062,
                0.07595899927395361,
                0.06592505556092691,
                0.057506706001897334,
                0.05107166572774529,
                0.046281352658908835,
                0.04208169742709114,
                0.03863872947595107,
                0.03591197431481705,
                0.03377666404796025,
                0.03191641873468167,
                0.030200931808305166,
                0.028729906071115422,
                0.028007354350790145,
                0.02684979020327172,
                0.026032952051708306,
                0.025261757112842387,
                0.024817913055183397,
                0.024288026468148306,
                0.023846480053253273,
                0.02342219311132948,
                0.02303439236625477,
                0.023161073841115154,
                0.022463842270472063,
                0.02266364793968264,
                0.022197057876400847,
                0.022236632196991533,
                0.022188474604534724,
                0.022284826888609183,
                0.021965364727472503
            ]
        },
        {
            "ACTIVATION": "relu",
            "BATCH_SIZE": 128,
            "EPOCHS": 30,