{
    "AVERAGE_MSE": 0.07666246513118666,
    "cognitiveData": "ucl",
    "feature": "RTgopast",
    "folds": [
        {
            "ACTIVATION": "relu",
            "BATCH_SIZE": 128,
            "EPOCHS": 30,
            "INPUT_DIM": 100,
            "LAYERS": [
                50
            ],
            "LOSS: ": [
                0.5973908153041886,
                0.3605617328707797,
                0.2373192475655816,
                0.1726568808289382,
                0.13726520065394435,
                0.11069952945734146,
                0.09179131999792177,
                0.07864535395035518,
                0.07032395941097744,
                0.0634936345997292,
                0.0578200309132651,
                0.05388726468625242,
                0.050007235935025485,
                0.04655952275422278,
                0.04377336069384161,
                0.04120697539271039,
                0.03886171099212435,
                0.036381805508230516,
                0.03412455953124857,
                0.03227804650985958,
                0.03039753771867558,
                0.02878673020156041,
                0.02709097051695891,
                0.025481911148666943,
                0.024141157287755947,
                0.02282209716515966,
                0.021530093710226128,
                0.020339776871457483,
                0.019234750485426784,
                0.01817945592162764
            ],
            "MSE_PREDICTION:": 0.08925979024732505,
            "VALIDATION_LOSS: ": [
                0.4654420394646494,
                0.3201924436970761,
                0.24250354918471553,
                0.1988726998107475,
                0.16728959899199636,
                0.14394450344537435,
                0.12813702147257955,
                0.11741889529583747,
                0.11094733301484794,
                0.10489074245356676,
                0.10207006831963857,
                0.10046930598062381,
                0.09897417470551374,
                0.09805364070231454,
                0.09709825876512025,
                0.09594611875843584,
                0.09445893869065401,
                0.0933366149925349,
                0.09255733889968772,
                0.09220246696158459,
                0.09114952816774971,
                0.08969774711550328,
                0.08899921204960137,
                0.08824301680974793,
                0.08776462627084632,
                0.08760096877813339,
                0.087824563054662,
                0.08747017501216185,
                0.0875120759010315,
                0.08794996939730226
            ]
        },
        {
            "ACTIVATION": "relu",
            "BATCH_SIZE": 128,
            "EPOCHS": 30,
            "INPUT_DIM": 100,
            "LAYERS": [
                50
            ],
            "LOSS: ": [
                0.3204808603025506,
                0.20123032653423556,
                0.1414395624769665,
                0.10718144608376705,
                0.08649790297673218,
                0.07484687905762717,
                0.06660396832771952,
                0.060586814976597514,
                0.05544170960210206,
                0.051131303792018176,
                0.04719143834608485,
                0.04373083716489957,
                0.040941585626809704,
                0.03856604418238856,
                0.036103427106856774,
                0.03367423698125761,
                0.031566414609141606,
                0.02932413681989128,
                0.027510982789550022,
                0.025937089930125588,
                0.024434902101787927,
                0.022751801310166537,
                0.02145787401430153,
                0.020285150308748022,
                0.01907491389297285,
                0.01788386891670812,
                0.016890878736874452,
                0.01584435096553581,
                0.0149806770337264,
                0.014235285196834467
            ],
            "MSE_PREDICTION:": 0.06731799455719746,
            "VALIDATION_LOSS: ": [
                0.24563355874596982,
                0.18577714813383003,
                0.15161231460801342,
                0.13030949391816793,
                0.11935368742336307,
                0.11090253162802312,
                0.10472777812627324,
                0.10086765480146073,
                0.09952584484167266,
                0.09846086290321852,
                0.09625421229161714,
                0.09654653346852253,
                0.09749052451367964,
                0.09727399704749123,
                0.09352415107321321,
                0.0915999068764218,
                0.09006784346542861,
                0.08873349415105686,
                0.08819229299562019,
                0.08833687438776619,
                0.08676231809352573,
                0.08535987151819363,
                0.08436773913471322,
                0.08390283218601294,
                0.08275954503762095,
                0.08258228500684102,
                0.08324562640566575,
                0.08296436541958858,
                0.08283989771939161,
                0.08347134880329433
            ]
        },
        {
            "ACTIVATION": "relu",
            "BATCH_SIZE": 128,
            "EPOCHS": 30,
            "INPUT_DIM": 100,
            "LAYERS": [
                50
            ],
            "LOSS: ": [
                0.5783539435365698,
                0.33619589108032183,
                0.1994965380364722,
                0.1354525072152143,
                0.10431427646141786,
                0.08769680216580956,
                0.07470862840885645,
                0.06508169902877493,
                0.05829982061635007,
                0.0536470404447435,
                0.049799902106706914,
                0.04625278336333705,
                0.04324274245690513,
                0.04069285961789089,
                0.03818535416663348,
                0.035911041829775975,
                0.03390079348624408,
                0.03194500733535369,
                0.030218441923568536,
                0.0284762501593802,
                0.026808982039545917,
                0.025284576321859938,
                0.023969844032774915,
                0.0226525266542212,
                0.021513818126622137,
                0.020365784006131874,
                0.019192865875723598,
                0.018168558458705526,
                0.0171321893622587,
                0.01632563199561376
            ],
            "MSE_PREDICTION:": 0.07159674261740738,
            "VALIDATION_LOSS: ": [
                0.4848010655035052,
                0.3110601860180236,
                0.21313155926110453,
                0.1596675337406627,
                0.13305726006888507,
                0.11704618261571516,
                0.106904737912772,
                0.10024498115506089,
                0.09606776203502689,
                0.09284455747457973,
                0.09018146220529288,
                0.08726017085606591,
                0.085598632039731,
                0.08433634434875689,
                0.08358081364840791,
                0.08291802777532946,
                0.08252342659653279,
                0.08162993022747207,
                0.08091801496451362,
                0.08033489658121477,
                0.07981524538052709,
                0.0799973384852995,
                0.08042295407830623,
                0.08042624266001216,
                0.08013636122147243,
                0.08017302500574212,
                0.07934753845135371,
                0.07878347002623375,
                0.0780371882413563,
                0.07797371687596305
            ]
        },
        {
            "ACTIVATION": "relu",
            "BATCH_SIZE": 128,
            "EPOCHS": 30,
            "INPUT_DIM": 100,
            "LAYERS": [
                50
            ],