{
    "AVERAGE_MSE": 0.06587057346290782,
    "cognitiveData": "provo",
    "feature": "IA_REGRESSION_OUT_FULL_COUNT",
    "folds": [
        {
            "ACTIVATION": "relu",
            "BATCH_SIZE": 128,
            "EPOCHS": 30,
            "INPUT_DIM": 100,
            "LAYERS": [
                30
            ],
            "LOSS: ": [
                0.3081505409798123,
                0.2098700247743322,
                0.15328564685266177,
                0.11859005356070108,
                0.0969691927549565,
                0.08233769103808018,
                0.0723431554094187,
                0.06470565934302876,
                0.05902559436717123,
                0.05420279819166885,
                0.050273695995785156,
                0.04678058502860176,
                0.04355027642912562,
                0.04078402033468667,
                0.03825760809113599,
                0.03602472279942874,
                0.03393167261941611,
                0.03232305282870656,
                0.030568032124515872,
                0.028970466773337197,
                0.027463749563880584,
                0.02612438848750158,
                0.024883064254479385,
                0.023829321158126533,
                0.02272303006891321,
                0.021733584019833118,
                0.020687908889473406,
                0.019751716855638635,
                0.01886813815421142,
                0.01811995307833442
            ],
            "MSE_PREDICTION:": 0.06408394202210446,
            "VALIDATION_LOSS: ": [
                0.30481192918672956,
                0.22680393596218057,
                0.17476417430459637,
                0.1413859733163494,
                0.12209746404869916,
                0.11056984920207769,
                0.10222505869930737,
                0.09666346911698172,
                0.09243963005608075,
                0.08941323177455222,
                0.08699438067739956,
                0.0843393231091434,
                0.08197006685276555,
                0.08057825481646681,
                0.07934526731706645,
                0.07719374550123738,
                0.07603330828555643,
                0.07510832146014253,
                0.07377299115265885,
                0.07263494701418158,
                0.07180687693292148,
                0.07090863820216427,
                0.06984587911873648,
                0.06874887032868111,
                0.0681783404864677,
                0.06740691900661547,
                0.06750865045883885,
                0.06751944165523738,
                0.0671950056128306,
                0.06693502188953634
            ]
        },
        {
            "ACTIVATION": "relu",
            "BATCH_SIZE": 128,
            "EPOCHS": 30,
            "INPUT_DIM": 100,
            "LAYERS": [
                50
            ],
            "LOSS: ": [
                0.9315360682804016,
                0.506440485934655,
                0.26511691387991965,
                0.15479741901108168,
                0.10696682379953244,
                0.08629153158010892,
                0.07259959850211087,
                0.0632537374110001,
                0.056726054072789016,
                0.052451915042171345,
                0.04895512361597033,
                0.04609991960853696,
                0.04334656430941912,
                0.040746947645016435,
                0.03855498119434709,
                0.03635987367857995,
                0.03444141200320287,
                0.032525037464847084,
                0.03084931865743462,
                0.029238131536269883,
                0.02760332811617422,
                0.026232740281095433,
                0.02482328708659008,
                0.023502630441997515,
                0.022372560026076196,
                0.02122001847696345,
                0.02029502942301908,
                0.0191974825621942,
                0.018249276697980703,
                0.0173730721943221
            ],
            "MSE_PREDICTION:": 0.06531376519688695,
            "VALIDATION_LOSS: ": [
                0.6347540094427866,
                0.3585501713295505,
                0.21059559714304257,
                0.14254677377335012,
                0.1147694880627606,
                0.1024002877816762,
                0.09525555168112664,
                0.09067951061137736,
                0.08757755854358412,
                0.08560370664073996,
                0.08484637155516507,
                0.08299480715434845,
                0.08114459232924735,
                0.07958769104252122,
                0.0780702972248809,
                0.07718865190670915,
                0.07599592642628983,
                0.07609392906704994,
                0.07562698862732273,
                0.07586251321720751,
                0.07644493816650078,
                0.07604531749878844,
                0.07598524979532581,
                0.07589601102757128,
                0.07505375973574102,
                0.073798962958055,
                0.0727976659083203,
                0.07157258158677245,
                0.07109916694972614,
                0.07045361828314115
            ]
        },
        {
            "ACTIVATION": "relu",
            "BATCH_SIZE": 128,
            "EPOCHS": 30,
            "INPUT_DIM": 100,
            "LAYERS": [
                30
            ],
            "LOSS: ": [
                0.3669731278566717,
                0.2488909916086426,
                0.18008917953505932,
                0.1366127994978612,
                0.10829220871292503,
                0.09014998784042755,
                0.07762216037941225,
                0.06875522437267402,
                0.06167314228430825,
                0.05645911117590721,
                0.05203879072520991,
                0.04803070227262495,
                0.044668640072360044,
                0.0418471661212616,
                0.039299225616772016,
                0.036995191753268444,
                0.03479163686698542,
                0.03287454761603071,
                0.030955065342104047,
                0.029137090008264952,
                0.02761882891491899,
                0.026260227939404714,
                0.024815397953700857,
                0.023520962640285286,
                0.022428828251658338,
                0.021309222396635682,
                0.02033026794716077,
                0.019428011563512308,
                0.01848534209011554,
                0.01769882921084736
            ],
            "MSE_PREDICTION:": 0.06987442495500965,
            "VALIDATION_LOSS: ": [
                0.33687707904266984,
                0.2532524682887613,
                0.19455453549345877,
                0.15459113945699718,
                0.12996382011126165,
                0.11439159400250813,
                0.10382298135185895,
                0.09651359058406254,
                0.09067607987416934,
                0.0860090682359591,
                0.08222236239338575,
                0.07914409572131013,
                0.07757675821242267,
                0.07628047915354166,
                0.07421024317202503,
                0.07234895637590591,
                0.07116712032728,
                0.07013170145554086,
                0.06997210512014285,
                0.06992613483373433,
                0.06910051726927496,
                0.0677578475785582,
                0.06669870223084541,
                0.06474665450314952,
                0.06387951133185871,
                0.06328776320570136,
                0.06204814958858163,
                0.06154719214529207,
                0.06103867629211243,
                0.06174729672605044
            ]
        },
        {
            "ACTIVATION": "relu",
            "BATCH_SIZE": 128,
            "EPOCHS": 30,
            "INPUT_DIM": 100,
            "LAYERS": [
                50
            ],