{
    "AVERAGE_MSE": 0.06890351607578932,
    "cognitiveData": "provo",
    "feature": "IA_REGRESSION_IN_COUNT",
    "folds": [
        {
            "ACTIVATION": "relu",
            "BATCH_SIZE": 128,
            "EPOCHS": 30,
            "INPUT_DIM": 100,
            "LAYERS": [
                50
            ],
            "LOSS: ": [
                0.5774831296444757,
                0.2945744929448614,
                0.18005766830763317,
                0.1347927452156106,
                0.10871456195416622,
                0.09093391711266127,
                0.07976246533170982,
                0.07259592900809865,
                0.06645285419953625,
                0.061344378150194424,
                0.05716983761197502,
                0.053218611409028234,
                0.04948046109535273,
                0.04624381821800669,
                0.04329744789040109,
                0.040590447413624865,
                0.03806691251912411,
                0.03555997169063799,
                0.03342765589495466,
                0.03128848737345347,
                0.02942222703126855,
                0.0276887993365015,
                0.02604020770006585,
                0.024541377222507325,
                0.023066631618944695,
                0.021908045752775916,
                0.020612587775287457,
                0.019362439166620296,
                0.018283728145919165,
                0.01738216519023501
            ],
            "MSE_PREDICTION:": 0.0877306587453198,
            "VALIDATION_LOSS: ": [
                0.35729184338491254,
                0.20962701472517561,
                0.15267341349222888,
                0.12838778236549195,
                0.11218405719081016,
                0.1011690664781283,
                0.09484823874823034,
                0.09141538179900548,
                0.08951782139196787,
                0.08834149275128156,
                0.08676260709762573,
                0.08506707500105035,
                0.0844644212151227,
                0.08290669168919733,
                0.08120336179455666,
                0.08014948860014955,
                0.078567152051893,
                0.0768645092436712,
                0.07583721206612783,
                0.07512656410467135,
                0.07535804205969589,
                0.07520284626173647,
                0.07415837600623092,
                0.07353596368881121,
                0.0736009323433654,
                0.07289857601057993,
                0.07209915504471896,
                0.0715810471303659,
                0.07111076530936646,
                0.07149994659097228
            ]
        },
        {
            "ACTIVATION": "relu",
            "BATCH_SIZE": 128,
            "EPOCHS": 30,
            "INPUT_DIM": 100,
            "LAYERS": [
                30
            ],
            "LOSS: ": [
                0.279261101171451,
                0.19215276599646022,
                0.14144986609754187,
                0.10887387815358095,
                0.08915595296214417,
                0.07525767508645001,
                0.06663615657831343,
                0.05959553151402629,
                0.05427745601887564,
                0.05030421684552016,
                0.04654065248002114,
                0.04348556979161593,
                0.040898706754397975,
                0.03837756946759608,
                0.036074567618132866,
                0.034216212246113334,
                0.03233205053578315,
                0.03073556947092147,
                0.029079579628403355,
                0.027626464676949007,
                0.026354800321890193,
                0.02510299883770084,
                0.02386075749635492,
                0.022676479497902084,
                0.02170681031372903,
                0.02080556256041621,
                0.019818028297728985,
                0.018878294685360293,
                0.01813503473958777,
                0.017429710599061864
            ],
            "MSE_PREDICTION:": 0.05896277860299015,
            "VALIDATION_LOSS: ": [
                0.19766370339752876,
                0.15458943909161713,
                0.12924614028163153,
                0.11216434969069207,
                0.10104288589464475,
                0.09369064367389025,
                0.08885753399705233,
                0.08617836471698055,
                0.08453273589480413,
                0.08205353938145181,
                0.07995655214133328,
                0.07827708033257968,
                0.0771685050774927,
                0.0758821433537627,
                0.0744478790829443,
                0.07340343970141999,
                0.07220823664779533,
                0.0716381380206918,
                0.07066321944537228,
                0.06974240377137106,
                0.06875294201994596,
                0.0680864347170477,
                0.06707685338715984,
                0.06621129943491662,
                0.06550136749466805,
                0.06473503343454778,
                0.0638690297938373,
                0.06353788047212444,
                0.06277005461184945,
                0.06186780114084074
            ]
        },
        {
            "ACTIVATION": "relu",
            "BATCH_SIZE": 128,
            "EPOCHS": 30,
            "INPUT_DIM": 100,
            "LAYERS": [
                50
            ],
            "LOSS: ": [
                0.29071120255807253,
                0.1580772075041694,
                0.10990245426856429,
                0.08239353813013736,
                0.06732759392128596,
                0.058362624657501694,
                0.05208783569277662,
                0.04737437161174483,
                0.04329103197563778,
                0.03999896357746517,
                0.036853606338208576,
                0.03421342700694274,
                0.03170136148253804,
                0.029472850263118744,
                0.027331333728842628,
                0.02531436726604277,
                0.02372575967251539,
                0.022101087994093962,
                0.02051811590215661,
                0.01927870957062645,
                0.018097897342966924,
                0.016804638607858795,
                0.01579774862497176,
                0.014817734651497563,
                0.013939660996211434,
                0.013087216227939975,
                0.012253017303746314,
                0.011719831538675785,
                0.01109320538096117,
                0.010386051122086381
            ],
            "MSE_PREDICTION:": 0.07009334909165674,
            "VALIDATION_LOSS: ": [
                0.18612729012966156,
                0.1403693928293986,
                0.11554433221686376,
                0.10013267846956644,
                0.09300061876643194,
                0.08809851089568987,
                0.08547534405776899,
                0.08328275923451332,
                0.08078867778794406,
                0.07964284003597416,
                0.07763050231215073,
                0.07707982030633377,
                0.07650420886196502,
                0.07484234236691097,
                0.07380664363911707,
                0.0729537843024894,
                0.07173430950266041,
                0.07122495688804209,
                0.07071290022298081,
                0.07036790588538941,
                0.0692964841241706,
                0.06843516179551817,
                0.06823561269126527,
                0.06784104611979772,
                0.06752404407279132,
                0.06700072968251085,
                0.06704730509895168,
                0.06786509394033315,
                0.06768872313303491,
                0.06657312106188029
            ]
        },
        {
            "ACTIVATION": "relu",
            "BATCH_SIZE": 128,
            "EPOCHS": 30,
            "INPUT_DIM": 100,
            "LAYERS": [
                30
            ],