{
    "AVERAGE_MSE": 0.020679339543005038,
    "cognitiveData": "dundee",
    "feature": "First_fix_dur",
    "folds": [
        {
            "ACTIVATION": "relu",
            "BATCH_SIZE": 128,
            "EPOCHS": 30,
            "INPUT_DIM": 100,
            "LAYERS": [
                30
            ],
            "LOSS: ": [
                0.565248979923586,
                0.11697129730762573,
                0.08333191902868678,
                0.07221262341330474,
                0.06253570108474255,
                0.05482043593506883,
                0.048437055081566704,
                0.04318680926193429,
                0.038511827340681475,
                0.03490376878859489,
                0.03186188224776505,
                0.029299178819761875,
                0.02721044472893689,
                0.025204925010339822,
                0.023580391228076782,
                0.022304662119758352,
                0.02110900762717013,
                0.02005694463123624,
                0.019273853541689073,
                0.018412838685670643,
                0.01773912625411706,
                0.017131570488227308,
                0.016616609959415513,
                0.016052232436241414,
                0.01576413688184463,
                0.015442697535586714,
                0.015047034012891262,
                0.014761027562261842,
                0.014410648181827997,
                0.01405398776943983
            ],
            "MSE_PREDICTION:": 0.024177800315063166,
            "VALIDATION_LOSS: ": [
                0.17576356301547358,
                0.0958788736393212,
                0.08306298345012009,
                0.07461777233257495,
                0.06738783308753261,
                0.06093604395944605,
                0.05568143558249902,
                0.05105914345809392,
                0.047136579245013535,
                0.04344557937254351,
                0.040790740234984295,
                0.038557629657800865,
                0.03637241955708574,
                0.03450516431577622,
                0.03301945263667712,
                0.03171613717836047,
                0.030624334514141083,
                0.029522522570437224,
                0.028560290848294263,
                0.027988112585806343,
                0.027275396256692827,
                0.02652644289943276,
                0.02599691523327714,
                0.02565836385089569,
                0.0252714670958027,
                0.024744661796897178,
                0.024463161193425693,
                0.024149263453073604,
                0.023911563297191626,
                0.023682710100655202
            ]
        },
        {
            "ACTIVATION": "relu",
            "BATCH_SIZE": 128,
            "EPOCHS": 30,
            "INPUT_DIM": 100,
            "LAYERS": [
                50
            ],
            "LOSS: ": [
                0.14427064982911775,
                0.0638567232998106,
                0.049383978637726096,
                0.03960488729212418,
                0.03281189567644904,
                0.027913908766024974,
                0.024566056790700907,
                0.02184118043307527,
                0.019981656881461526,
                0.018484602917002015,
                0.017129034659243605,
                0.016204978209482964,
                0.01535746001125068,
                0.014819167685224465,
                0.014262760561346448,
                0.01377586959914814,
                0.013439865843721255,
                0.013015511171195673,
                0.01270361890222171,
                0.012404377041585405,
                0.012191279327667158,
                0.011965153019295969,
                0.011685084464711785,
                0.011568757552613633,
                0.011443285389557798,
                0.011196888115994789,
                0.010986436686422742,
                0.010847698413905036,
                0.01066853675867104,
                0.010544086384738164
            ],
            "MSE_PREDICTION:": 0.020052550235026816,
            "VALIDATION_LOSS: ": [
                0.07264124770407324,
                0.05941441848322197,
                0.049493879560755676,
                0.042138043140608164,
                0.03709000146026334,
                0.03284864374017589,
                0.030308607062965474,
                0.027622879134914863,
                0.0258545163112185,
                0.024625124256052667,
                0.02328326553303413,
                0.022949985054040712,
                0.021983756972526115,
                0.02139802068747856,
                0.020884612573202326,
                0.02041214416739802,
                0.020279681144489182,
                0.02002986739907,
                0.019661838935796545,
                0.01956867921368155,
                0.019609962474732172,
                0.019416922216535244,
                0.019710891094630357,
                0.019148728456446735,
                0.019220016195029808,
                0.019386047873862836,
                0.019721146635514088,
                0.019114369629985757,
                0.01972305183767011,
                0.019405716084062108
            ]
        },
        {
            "ACTIVATION": "relu",
            "BATCH_SIZE": 128,
            "EPOCHS": 30,
            "INPUT_DIM": 100,
            "LAYERS": [
                30
            ],
            "LOSS: ": [
                0.17147111094817913,
                0.06833708681284435,
                0.052964465241268195,
                0.043133307747030385,
                0.03610258688411069,
                0.03095858482614396,
                0.027249059638885593,
                0.024384879364223077,
                0.022246061809479245,
                0.020545064236121204,
                0.019267355181552745,
                0.018164273518970403,
                0.017274812264023005,
                0.016590830423529185,
                0.016007225662864076,
                0.015544214756006286,
                0.015117595947924115,
                0.0147414772125779,
                0.014463378153938465,
                0.014162627236533259,
                0.013959470287793213,
                0.013736191127823774,
                0.013593601277738652,
                0.013451537618009502,
                0.013260065819378252,
                0.013137348579666601,
                0.013012854477991819,
                0.012863247705593942,
                0.012803448589331416,
                0.012651880036191965
            ],
            "MSE_PREDICTION:": 0.017144437151586155,
            "VALIDATION_LOSS: ": [
                0.08894612238047615,
                0.06757308867557969,
                0.056305999178735036,
                0.04826549391346003,
                0.04203932970841095,
                0.037460214554002044,
                0.03405236020763085,
                0.031216787253186187,
                0.02901485038812829,
                0.02713809105020667,
                0.02572514604796808,
                0.024629311622292906,
                0.023662723480630175,
                0.023065175681754396,
                0.02251923472162277,
                0.02174837445968358,
                0.02131403560833956,
                0.0209271917779925,
                0.020641746984981987,
                0.020152281118290764,
                0.019957645714440673,
                0.019792260468084976,
                0.01972331561581798,
                0.019471150368609757,
                0.019546589196201353,
                0.01932389548531285,
                0.019254602805253058,
                0.01921970889208809,
                0.019251881821682214,
                0.01916169679117581
            ]
        },
        {
            "ACTIVATION": "relu",
            "BATCH_SIZE": 128,
            "EPOCHS": 30,