{
    "AVERAGE_MSE": 0.1111015955267483,
    "cognitiveData": "provo",
    "feature": "IA_SKIP",
    "folds": [
        {
            "ACTIVATION": "relu",
            "BATCH_SIZE": 128,
            "EPOCHS": 30,
            "INPUT_DIM": 100,
            "LAYERS": [
                50
            ],
            "LOSS: ": [
                0.5193997560704756,
                0.2801208014553652,
                0.1883256694055953,
                0.14633692149232633,
                0.11804562017296027,
                0.10146661704696881,
                0.09238511408275028,
                0.08474178842267287,
                0.07826905951261724,
                0.07294448443383336,
                0.067857611170406,
                0.06327593594942861,
                0.05892397943839405,
                0.05553876493592614,
                0.05238015330548352,
                0.04869271288298416,
                0.045611857658645096,
                0.04300971872989555,
                0.04075263663615207,
                0.038186428298467634,
                0.03585234472901907,
                0.033763594324756445,
                0.03195834932705039,
                0.030127720060673626,
                0.028550842460596335,
                0.02711643367417885,
                0.02566232576672352,
                0.02417401671026215,
                0.02312527180011951,
                0.02189284269450357
            ],
            "MSE_PREDICTION:": 0.11978518833437735,
            "VALIDATION_LOSS: ": [
                0.3369743868912736,
                0.22501646349691365,
                0.1810021504555663,
                0.15566355051243141,
                0.1408494719087261,
                0.13339823688546273,
                0.12788949192386784,
                0.12563792667160295,
                0.1255607249802106,
                0.12367688690962857,
                0.12249849256995606,
                0.12135044209761163,
                0.1188495885835935,
                0.11799899437656142,
                0.11540646871475324,
                0.11537263083131347,
                0.11527990161964338,
                0.11534723945676464,
                0.11448712228503946,
                0.11334199060315955,
                0.11200507740451865,
                0.1115275696940618,
                0.11092210173198622,
                0.11103439627036657,
                0.1112488326552796,
                0.11049570929105967,
                0.1105347042010255,
                0.10979077250581898,
                0.10915907339690482,
                0.10949761614407579
            ]
        },
        {
            "ACTIVATION": "relu",
            "BATCH_SIZE": 128,
            "EPOCHS": 30,
            "INPUT_DIM": 100,
            "LAYERS": [
                30
            ],
            "LOSS: ": [
                1.1611218077240841,
                0.7938018377812812,
                0.5449715839446511,
                0.38503608209804646,
                0.28355499810665385,
                0.22130372826374212,
                0.18194023030290882,
                0.1551348267452181,
                0.13452668206871682,
                0.12012605634909347,
                0.10829545303182372,
                0.09947213645558005,
                0.09225549249818762,
                0.08655345640552596,
                0.0816943254162067,
                0.07726628678382771,
                0.07365492308323829,
                0.07033768261736499,
                0.06757031453335674,
                0.06513029537571029,
                0.06267639298765164,
                0.06040490770754029,
                0.05824080502572845,
                0.05601729044936738,
                0.05424741160054252,
                0.052387314131339666,
                0.050621744309189386,
                0.04911519018342115,
                0.047668607352783915,
                0.04616352274860567
            ],
            "MSE_PREDICTION:": 0.11424807535847593,
            "VALIDATION_LOSS: ": [
                0.9695462870271239,
                0.6866365769138075,
                0.4950783330283753,
                0.3706210153560116,
                0.29400648095019877,
                0.2456483146915697,
                0.21309643963428393,
                0.18966259348065886,
                0.17227506943761486,
                0.15931684289076556,
                0.14978835068336904,
                0.1426789795290934,
                0.13653547031013932,
                0.13134363783548955,
                0.12791506252060197,
                0.12346132089422174,
                0.12047607941578513,
                0.1180796255804088,
                0.11601501631818406,
                0.11416725457122881,
                0.11246959803855583,
                0.11052259496630054,
                0.10914013177564699,
                0.10813104698102768,
                0.10688202460742977,
                0.10623945091685204,
                0.10525134154786803,
                0.10403318111210653,
                0.10359368932573762,
                0.10323204732921025
            ]
        },
        {
            "ACTIVATION": "relu",
            "BATCH_SIZE": 128,
            "EPOCHS": 30,
            "INPUT_DIM": 100,
            "LAYERS": [
                50
            ],
            "LOSS: ": [
                0.8042979141246802,
                0.4386697723618094,
                0.2582513521558016,
                0.1759448656444893,
                0.13914444905867093,
                0.11657236174617991,
                0.1010275652973975,
                0.09051424202287177,
                0.0830423944784683,
                0.07733229517067686,
                0.0728506804739427,
                0.0685926063392011,
                0.06469949673522603,
                0.06106609406387417,
                0.05757069532754695,
                0.05427078418369768,
                0.05138491112643,
                0.04886375501828578,
                0.04597258143523136,
                0.043600820298873744,
                0.04137313440058694,
                0.0392591330409689,
                0.037079606812262,
                0.035204844584442535,
                0.0336321449709184,
                0.03213676619047928,
                0.03062484192935108,
                0.02913429051011443,
                0.027673255121830602,
                0.026451506877180644
            ],
            "MSE_PREDICTION:": 0.13494725893502038,
            "VALIDATION_LOSS: ": [
                0.6755709582812166,
                0.41399107975502536,
                0.27674255224123395,
                0.20883478428402993,
                0.17361661628501057,
                0.1517953341954375,
                0.13765057758109212,
                0.13008056009468966,
                0.12436885141754804,
                0.11855875261842388,
                0.11364962681107325,
                0.11130307737278612,
                0.10971072009981495,
                0.10931637332047502,
                0.1087931442546518,
                0.10922066193737395,
                0.10901619657261731,
                0.10795748856377928,
                0.1073700971391103,
                0.10771936749758786,
                0.10720158939900463,
                0.1056957558205683,
                0.10483071779551571,
                0.10456713135928324,
                0.10510234891960066,
                0.10593692580722783,
                0.10649016193331104,
                0.10561416053200422,
                0.1069850695051559,
                0.1060384552772731
            ]
        },
        {
            "ACTIVATION": "relu",
            "BATCH_SIZE": 128,
            "EPOCHS": 30,
            "INPUT_DIM": 100,
            "LAYERS": [
                50
            ],