{
    "AVERAGE_MSE": 0.06656174243765992,
    "cognitiveData": "provo",
    "feature": "IA_FIRST_RUN_FIXATION_COUNT",
    "folds": [
        {
            "ACTIVATION": "relu",
            "BATCH_SIZE": 128,
            "EPOCHS": 30,
            "INPUT_DIM": 100,
            "LAYERS": [
                50
            ],
            "LOSS: ": [
                0.6257339433781278,
                0.31768008943896353,
                0.1849019348774725,
                0.13334388596422678,
                0.10496310099933814,
                0.0853542065308597,
                0.0734494327859854,
                0.06506022336169132,
                0.05926604837971527,
                0.05412374741651795,
                0.05011181250904682,
                0.04659543492820108,
                0.04324906730887002,
                0.04018466212302702,
                0.03733651922763314,
                0.03466020551978213,
                0.03247846301331937,
                0.03031693247512724,
                0.028614325832262456,
                0.026515171308818034,
                0.024872441522099754,
                0.023141995433392085,
                0.021927011184918327,
                0.020528123150124353,
                0.019294839342784514,
                0.018035944158252885,
                0.017109592168833135,
                0.01612365077126701,
                0.01512662159505829,
                0.014197029315548634
            ],
            "MSE_PREDICTION:": 0.07595485760005899,
            "VALIDATION_LOSS: ": [
                0.41513010451238447,
                0.23842918342106964,
                0.16634482349434945,
                0.13335434102440533,
                0.11286384479640281,
                0.09970685288514176,
                0.09151383428132698,
                0.08643409201543625,
                0.08292639725012323,
                0.08036006956476055,
                0.07912804972227305,
                0.07720209852065125,
                0.0758941696114736,
                0.07472559391227487,
                0.07382052208054556,
                0.07327131380977696,
                0.07282297629607867,
                0.07207212648163103,
                0.07157852128148079,
                0.07070109125686018,
                0.0704801451057604,
                0.06936648370672578,
                0.06875595613701703,
                0.06787964579177229,
                0.06760006561262967,
                0.06734822812962206,
                0.06737444478355042,
                0.0669797235870198,
                0.066234320759365,
                0.06578468500751339
            ]
        },
        {
            "ACTIVATION": "relu",
            "BATCH_SIZE": 128,
            "EPOCHS": 30,
            "INPUT_DIM": 100,
            "LAYERS": [
                50
            ],
            "LOSS: ": [
                0.37303156959049494,
                0.18912383827091694,
                0.12330786642294192,
                0.09218256749327759,
                0.07183872871292599,
                0.06046408615482406,
                0.05380273618021306,
                0.048274992350137456,
                0.043929082815939526,
                0.04025481005820668,
                0.037095070543409825,
                0.03417123753200469,
                0.03150331719393489,
                0.029321705142921078,
                0.02708197019892021,
                0.025060558713985347,
                0.02311363547248047,
                0.021577381348400336,
                0.020052801779316384,
                0.018797277078339208,
                0.01736910802856931,
                0.016254614292616806,
                0.015149417251834125,
                0.01424953066400455,
                0.013222560399941985,
                0.012417705347809435,
                0.011433666250884125,
                0.01055157829018543,
                0.009955447773396407,
                0.009329266577805704
            ],
            "MSE_PREDICTION:": 0.05756006179053441,
            "VALIDATION_LOSS: ": [
                0.29396157966901176,
                0.18526299073271554,
                0.14180686375866197,
                0.11937944795170875,
                0.10757393349115163,
                0.09971882913210621,
                0.09259112812068364,
                0.08859012949548356,
                0.08500886892210947,
                0.08251384247655738,
                0.08051220429678486,
                0.07944682658943411,
                0.07914355989188364,
                0.0782063607483694,
                0.07639153179240553,
                0.0751804602268624,
                0.0751781385034731,
                0.0744667943209818,
                0.07344096511194151,
                0.072787313479675,
                0.07076563155406142,
                0.07071134820580482,
                0.07030840095591871,
                0.07008430280097544,
                0.06967022290376768,
                0.0694501205054048,
                0.06901757806947786,
                0.06793548605621677,
                0.06688391580565335,
                0.06558806888044696
            ]
        },
        {
            "ACTIVATION": "relu",
            "BATCH_SIZE": 128,
            "EPOCHS": 30,
            "INPUT_DIM": 100,
            "LAYERS": [
                50
            ],
            "LOSS: ": [
                0.2797083698507034,
                0.15486893810549077,
                0.10048990984212473,
                0.07328730320644215,
                0.059699434288625654,
                0.05187714684876017,
                0.04580785821337336,
                0.04133729791942837,
                0.03743219291264156,
                0.03414161804916519,
                0.031030146897120296,
                0.028530089825225632,
                0.02598764888597189,
                0.023858051587337083,
                0.02187821385011358,
                0.020117747062245322,
                0.018517669625772008,
                0.017178149077574856,
                0.015915997856732707,
                0.014715470915171438,
                0.013647319825676048,
                0.01261799026913238,
                0.011713413496088,
                0.010949300540576004,
                0.010231776250842607,
                0.009491122401228388,
                0.00891056839188187,
                0.008311432837005417,
                0.007702922493244935,
                0.00723343777852085
            ],
            "MSE_PREDICTION:": 0.055457219293395345,
            "VALIDATION_LOSS: ": [
                0.19759510069677275,
                0.1379546343463741,
                0.105546880972712,
                0.08835098861831508,
                0.08023486061863704,
                0.07576042148348404,
                0.07226975624487825,
                0.07000338612762216,
                0.06794127923985051,
                0.06682546569468224,
                0.06618035829638781,
                0.06347165695608478,
                0.06150838936844917,
                0.05959221230794306,
                0.05849993208499804,
                0.0571971461687186,
                0.05570790595183634,
                0.05491104339287706,
                0.054341133377731665,
                0.053170597002114336,
                0.05255551330030781,
                0.051740771236076746,
                0.051150870649781945,
                0.050965997045987275,
                0.04999104244251774,
                0.050036498383708196,
                0.049225085249094115,
                0.04891870864858366,
                0.04846274587389541,
                0.04851069781061721
            ]
        },
        {
            "ACTIVATION": "relu",
            "BATCH_SIZE": 128,
            "EPOCHS": 30,
            "INPUT_DIM": 100,