{
    "AVERAGE_MSE": 0.00640499568461757,
    "cognitiveData": "dundee",
    "feature": "nLong_regres_to",
    "folds": [
        {
            "ACTIVATION": "relu",
            "BATCH_SIZE": 128,
            "EPOCHS": 30,
            "INPUT_DIM": 100,
            "LAYERS": [
                30
            ],
            "LOSS: ": [
                0.15285284478596348,
                0.04456921648860021,
                0.03318331991155393,
                0.02648367973854971,
                0.02144536200774293,
                0.017752191492552628,
                0.01478359230654419,
                0.01268246309664916,
                0.011033318945202882,
                0.009754016369537854,
                0.008705180720811164,
                0.007932269684110394,
                0.0073397672625007465,
                0.006793560306416566,
                0.006358760931948132,
                0.006001560830571894,
                0.005712337207178745,
                0.005477354586759122,
                0.005224242735344126,
                0.005061089250385143,
                0.004908324234687331,
                0.0048423382070261495,
                0.004656083252389866,
                0.004579699025031675,
                0.004468774785971355,
                0.004374591044747478,
                0.0043186692198851065,
                0.0042543187333230065,
                0.004192355433345888,
                0.004140054120033248
            ],
            "MSE_PREDICTION:": 0.006037008182313511,
            "VALIDATION_LOSS: ": [
                0.061694005013458314,
                0.0426589025588578,
                0.03533690881240305,
                0.029386129920129424,
                0.02500992846433763,
                0.02137106162293878,
                0.018615443600469798,
                0.01656429246265106,
                0.014817047919388171,
                0.013368362577622214,
                0.01232927849309312,
                0.011454560575149361,
                0.010760285230304199,
                0.01009314981974149,
                0.009605872772988818,
                0.009225483988682745,
                0.008834410385874214,
                0.008467909975578546,
                0.008227721806714144,
                0.007994849992689316,
                0.007838299991710792,
                0.007674291701346794,
                0.0075382841790400485,
                0.007343289245255094,
                0.007302915037328762,
                0.0071831482654762645,
                0.007099202956767782,
                0.007015477029222345,
                0.006915239113624449,
                0.00692516392018035
            ]
        },
        {
            "ACTIVATION": "relu",
            "BATCH_SIZE": 128,
            "EPOCHS": 30,
            "INPUT_DIM": 100,
            "LAYERS": [
                30
            ],
            "LOSS: ": [
                0.19383560292465155,
                0.07516653866180983,
                0.05564283505663668,
                0.04252381985660882,
                0.0332423890664245,
                0.02644625345555732,
                0.021520027416454042,
                0.01792201901711982,
                0.015154769281789075,
                0.013080258195437929,
                0.011482745785532782,
                0.010102557750003082,
                0.009103762150872344,
                0.008241711984489437,
                0.007552889350297543,
                0.007005244730658192,
                0.006546947098617903,
                0.006158702704761749,
                0.005830710202323443,
                0.005589037451731444,
                0.005337166387982295,
                0.005139450663849164,
                0.004971362851406846,
                0.004835317907684889,
                0.004708147951922813,
                0.0046220184078351115,
                0.004528557339786423,
                0.004433179063517229,
                0.00435949672578549,
                0.00429958721725025
            ],
            "MSE_PREDICTION:": 0.006085646265241224,
            "VALIDATION_LOSS: ": [
                0.08928886346085362,
                0.06553781939246667,
                0.052147973080476126,
                0.042439555428015495,
                0.03504597362150591,
                0.029425022686048158,
                0.025027423448584697,
                0.02174148343937107,
                0.01921095398289186,
                0.017124137382895227,
                0.015300300701585397,
                0.013862317474312567,
                0.012733276954127683,
                0.011755624196674457,
                0.010955522947565273,
                0.010328050607214213,
                0.009727841337758397,
                0.009216048783824714,
                0.008829137277370565,
                0.008499153922238047,
                0.008195995604471555,
                0.007963035560198246,
                0.007716576848179102,
                0.00753983294827834,
                0.0074049956318010726,
                0.00723367984943762,
                0.007073624167965834,
                0.006971949025022762,
                0.006869004995478366,
                0.0068139786028830465
            ]
        },
        {
            "ACTIVATION": "relu",
            "BATCH_SIZE": 128,
            "EPOCHS": 30,
            "INPUT_DIM": 100,
            "LAYERS": [
                30
            ],
            "LOSS: ": [
                0.2919982396815189,
                0.06729916154392182,
                0.04983290753194264,
                0.04117926844449901,
                0.034307798183468914,
                0.028853036542102774,
                0.024344993638929235,
                0.020879798579625984,
                0.01804073440137679,
                0.015777790392182335,
                0.013986982766873938,
                0.01252028795461806,
                0.011326669184146104,
                0.010314207297390101,
                0.009368399073857636,
                0.008645240704297388,
                0.008082837818397417,
                0.007544293412544503,
                0.007070687038222791,
                0.006713799379332356,
                0.006376263584046029,
                0.006056642095267615,
                0.005814895112924869,
                0.00557732997011275,
                0.005392577119723514,
                0.005235172088243186,
                0.0050532399730944125,
                0.004924560549161422,
                0.004796203185937234,
                0.004666789471561079
            ],
            "MSE_PREDICTION:": 0.007951808137252842,
            "VALIDATION_LOSS: ": [
                0.09713174074730545,
                0.06286113853492434,
                0.05305730620073894,
                0.045742918401168134,
                0.039674178788822796,
                0.03456545919179917,
                0.03038986476246642,
                0.02702255587256144,
                0.023908429042924017,
                0.021722144956784272,
                0.019664744606054333,
                0.018048414932908836,
                0.01667544635988417,
                0.015383732754480902,
                0.014418544465547831,
                0.013597080600324761,
                0.01289108573562569,
                0.012249225399718082,
                0.011630862814290498,
                0.011131242167933908,
                0.010733444205233976,
                0.010382522663308514,
                0.010097860888375965,
                0.009791071224149572,
                0.00954355942331767,
                0.009294495445789483,
                0.009082932435173207,
                0.008899832547459968,
                0.008778715326830193,
                0.00857021446689648
            ]
        },
        {
            "ACTIVATION": "relu",