{
    "AVERAGE_MSE": 0.0046558105041141174,
    "cognitiveData": "dundee",
    "feature": "First_pass_dur",
    "folds": [
        {
            "ACTIVATION": "relu",
            "BATCH_SIZE": 128,
            "EPOCHS": 30,
            "INPUT_DIM": 100,
            "LAYERS": [
                50
            ],
            "LOSS: ": [
                0.1367455691302212,
                0.05537212762169965,
                0.0401499749426568,
                0.029855384235729268,
                0.02279486417605781,
                0.017891423859294563,
                0.014372286279597702,
                0.011861632792948138,
                0.009919570788693308,
                0.008465084994665441,
                0.007403502251126413,
                0.006543627668200212,
                0.005868242513785122,
                0.005322861482041458,
                0.004862207183935944,
                0.004545872198016867,
                0.00425848686511471,
                0.004011220315217239,
                0.0038194584389854057,
                0.003638139964214534,
                0.0034944689868973873,
                0.003470601973729165,
                0.0032984146225878623,
                0.0032060711187275894,
                0.003120960208012834,
                0.0030488180467137657,
                0.0029902348869553746,
                0.0029332918589430788,
                0.0029119831090491156,
                0.002856263975829171
            ],
            "MSE_PREDICTION:": 0.005205582605976872,
            "VALIDATION_LOSS: ": [
                0.06850914862893877,
                0.051243201288438976,
                0.04010684687309164,
                0.03187535962967015,
                0.025790227624395538,
                0.021349497174932845,
                0.018009825711133617,
                0.015550238654884712,
                0.013434296062896176,
                0.011901022002061524,
                0.010692827459720392,
                0.009674247670623045,
                0.008810271442468678,
                0.00811956596792375,
                0.0075287742934450905,
                0.007099695972329567,
                0.0067002761172791,
                0.006338043492188845,
                0.0060389075640135655,
                0.005828479892283521,
                0.0056390330156005876,
                0.005430737095909617,
                0.005263969846188076,
                0.00511732871925074,
                0.005024371710581281,
                0.0048787964182713675,
                0.004786827522650282,
                0.004749757584637751,
                0.0046921616124491845,
                0.004600694362152979
            ]
        },
        {
            "ACTIVATION": "relu",
            "BATCH_SIZE": 128,
            "EPOCHS": 30,
            "INPUT_DIM": 100,
            "LAYERS": [
                30
            ],
            "LOSS: ": [
                0.10206809810153673,
                0.03985950911156651,
                0.028342414688245537,
                0.020977267345682404,
                0.016002621762144027,
                0.012743078169003493,
                0.01033350632194923,
                0.00866353488591922,
                0.007421517436704196,
                0.006508832309015104,
                0.005811832476267326,
                0.005280832135745545,
                0.004873793666933694,
                0.004585421547002402,
                0.004308790638121265,
                0.0041029307601192526,
                0.003930887044724686,
                0.003792501611954565,
                0.0036841142806024315,
                0.0035926616399024453,
                0.0035140170117701932,
                0.0034586741329473976,
                0.0034182192266899373,
                0.0033624688020664254,
                0.0033270015162676385,
                0.003291966874929366,
                0.0032594302872736474,
                0.0032491784995338727,
                0.0032281489740455414,
                0.003232698899091058
            ],
            "MSE_PREDICTION:": 0.003708700429560743,
            "VALIDATION_LOSS: ": [
                0.05067811035920703,
                0.036095491098979166,
                0.02732270129182667,
                0.021093567931857057,
                0.016880738364640997,
                0.01393392809602634,
                0.01161820354561011,
                0.010000107354587978,
                0.008772797087729765,
                0.007721766128288532,
                0.00696315535605348,
                0.006366296443674299,
                0.005871843621036205,
                0.005526651915596433,
                0.0051821012350499,
                0.004925919051661535,
                0.0047037163165412725,
                0.004540111387404736,
                0.004393563332361361,
                0.004259933125493782,
                0.0041729000998197725,
                0.004127144717202379,
                0.004052221486049275,
                0.00397506499239219,
                0.003934561239959544,
                0.0039015940708359556,
                0.003923783341186151,
                0.003853016797571428,
                0.003849699317659966,
                0.003871877684144589
            ]
        },
        {
            "ACTIVATION": "relu",
            "BATCH_SIZE": 128,
            "EPOCHS": 30,
            "INPUT_DIM": 100,
            "LAYERS": [
                30
            ],
            "LOSS: ": [
                0.2234797136020408,
                0.06447671808933139,
                0.0491074779322223,
                0.03924777315407203,
                0.031805909815288726,
                0.025784579092863375,
                0.02142472260843509,
                0.018017372711704522,
                0.015382410751448737,
                0.013389184869944103,
                0.011679891860556034,
                0.010337464029472025,
                0.009253257373101497,
                0.008375716177874772,
                0.007663621749512102,
                0.0070562393616431605,
                0.006568284521973322,
                0.0061498875586838316,
                0.005764875778184327,
                0.0054248003796649675,
                0.005157993206133445,
                0.004962601454031689,
                0.004719003352026145,
                0.0045783982301751775,
                0.004360637254027463,
                0.004203169501174694,
                0.004113287438278791,
                0.003975607761275516,
                0.0039012922447115655,
                0.00376167948007899
            ],
            "MSE_PREDICTION:": 0.005273182665235734,