{
    "AVERAGE_MSE": 0.009480046270398921,
    "cognitiveData": "dundee",
    "feature": "Tot_regres_to_dur",
    "folds": [
        {
            "ACTIVATION": "relu",
            "BATCH_SIZE": 128,
            "EPOCHS": 30,
            "INPUT_DIM": 100,
            "LAYERS": [
                30
            ],
            "LOSS: ": [
                0.22885176373337893,
                0.07104088116364751,
                0.054248597023200146,
                0.043780506560057775,
                0.035945557308337574,
                0.029758585095780127,
                0.02513197681199173,
                0.021554488677495504,
                0.018770906445240713,
                0.016453770447026124,
                0.014786503478916238,
                0.013383201575900987,
                0.012230398813500371,
                0.011296533130332069,
                0.010530069040166337,
                0.00999569181337576,
                0.009609589792313928,
                0.009019384893073346,
                0.008503006087037752,
                0.008234786725391005,
                0.007909880014334058,
                0.00764158207550226,
                0.007435241121863314,
                0.0072733351029886885,
                0.007085981923076018,
                0.006956766324471015,
                0.006822597280226994,
                0.006720639984217046,
                0.0066086465631699,
                0.006546247500225454
            ],
            "MSE_PREDICTION:": 0.010335654153715831,
            "VALIDATION_LOSS: ": [
                0.08944357860656012,
                0.06451399937350914,
                0.05399237935820585,
                0.04559923813298897,
                0.03909186706262291,
                0.03409016853760159,
                0.029886377015441813,
                0.026664447340936887,
                0.02396822768662657,
                0.021846110107643264,
                0.020037362685121556,
                0.018529820627478696,
                0.017353908954158663,
                0.016269293330885747,
                0.015425154852567527,
                0.014686277375689574,
                0.01408402976929826,
                0.013634399350279222,
                0.013157194773986856,
                0.0127058156583675,
                0.012422114492408813,
                0.012162064760923385,
                0.011834681941758072,
                0.011625055146832314,
                0.011469764676358964,
                0.01120766477373542,
                0.011044821190455602,
                0.01087861863610448,
                0.010724966402446467,
                0.010601417017637421
            ]
        },
        {
            "ACTIVATION": "relu",
            "BATCH_SIZE": 128,
            "EPOCHS": 30,
            "INPUT_DIM": 100,
            "LAYERS": [
                30
            ],
            "LOSS: ": [
                0.22240542885069337,
                0.07238995663073583,
                0.055236123234155804,
                0.04446176513078344,
                0.036135598503616,
                0.029928354707829046,
                0.025037458339216438,
                0.021461771897954875,
                0.018685780111752044,
                0.016470141732629832,
                0.014792863993443088,
                0.013418800704908609,
                0.012338126593623381,
                0.011434830000735193,
                0.010769529548564952,
                0.010101786739350485,
                0.009561157857801829,
                0.009166718329588684,
                0.008689079570008253,
                0.008392522781874178,
                0.008090106525583698,
                0.007849210729894716,
                0.007605688531298689,
                0.0074444185827644,
                0.007264407763248012,
                0.007166669259781373,
                0.00696141231678306,
                0.006839795933819776,
                0.006962620430792428,
                0.006659024555710695
            ],
            "MSE_PREDICTION:": 0.010131388578954601,
            "VALIDATION_LOSS: ": [
                0.09080030995386618,
                0.0627317973269672,
                0.05204508551371791,
                0.043927206276428134,
                0.03750237387324137,
                0.03229630869374704,
                0.028288653098716938,
                0.025055437710471255,
                0.022705164267903283,
                0.020674308554993734,
                0.01914338572197175,
                0.01778554997983433,
                0.016636710085723767,
                0.01575856693187561,
                0.014976034477037728,
                0.014246295510776458,
                0.013695945212292292,
                0.013279632682956401,
                0.01281018945334292,
                0.01244289446425028,
                0.012159046500172249,
                0.011944478174681385,
                0.011659230566805318,
                0.011512068890665889,
                0.011306943504938058,
                0.011224026168898615,
                0.01106836949992511,
                0.010930984673243035,
                0.010976595492668884,
                0.010789154437444513
            ]
        },
        {
            "ACTIVATION": "relu",
            "BATCH_SIZE": 128,
            "EPOCHS": 30,
            "INPUT_DIM": 100,
            "LAYERS": [
                30
            ],
            "LOSS: ": [
                0.22337432915256136,
                0.07011817620584258,
                0.05276266219754699,
                0.042033321879528185,
                0.033729028648563794,
                0.027775246228175187,
                0.02337312903353777,
                0.020215709859791098,
                0.017550303608612722,
                0.01558621684237132,
                0.014035946747692174,
                0.012779938737078318,
                0.011795436124509525,
                0.01098301566191136,
                0.010340797065427064,
                0.009744830244274997,
                0.00928069707006216,
                0.00887032720018868,
                0.008521738965754156,
                0.008239464600269914,
                0.007948577432602487,
                0.007745805122549572,
                0.007563254040069681,
                0.007389492719931893,
                0.007240613996884021,
                0.007104776777504455,
                0.006973500615823521,
                0.006871371559562191,
                0.006784346422288941,
                0.006685105417534788
            ],
            "MSE_PREDICTION:": 0.009868738267600274,
            "VALIDATION_LOSS: ": [
                0.09741765542162789,
                0.06578357181063405,
                0.05409597996523771,
                0.04507647736993416,
                0.03828584435913298,
                0.0333847813978397,
                0.02926344112665565,
                0.02607273098731798,
                0.023399675239330876,
                0.021468428157703588,
                0.01958179823147557,
                0.01832335965027885,
                0.017096201486136546,
                0.016200490059360625,
                0.015437660565373127,
                0.01461302396402788,
                0.013996708418720614,
                0.013530482770628715,
                0.012967532460218069,
                0.012648073753351887,
                0.01224958147932455,
                0.011989984681544007,
                0.011720357914134939,
                0.011479697625827852,
                0.011269276787738794,
                0.011074531112832051,
                0.010963822224192203,
                0.010803802097561183,
                0.010673446298907043,
                0.010545751974775046
            ]
        },
        {
            "ACTIVATION": "relu",
            "BATCH_SIZE": 128,