{
    "AVERAGE_MSE": 0.006799558341474621,
    "cognitiveData": "dundee",
    "feature": "Tot_regres_from_dur",
    "folds": [
        {
            "ACTIVATION": "relu",
            "BATCH_SIZE": 128,
            "EPOCHS": 30,
            "INPUT_DIM": 100,
            "LAYERS": [
                30
            ],
            "LOSS: ": [
                0.18292448897161628,
                0.060722836776375216,
                0.04360831217335904,
                0.03398696870057257,
                0.027108307111846194,
                0.022148061298767337,
                0.018496080563024313,
                0.01556743354956606,
                0.013437584166741904,
                0.011790486936458565,
                0.010518982465598126,
                0.009522112758448494,
                0.008738288391844267,
                0.00810725897607751,
                0.007587761541192518,
                0.007167284481152488,
                0.006814802876810522,
                0.006530310171638446,
                0.006276048050683525,
                0.006060451408312215,
                0.005877603351996424,
                0.005743076796268271,
                0.005610005638157654,
                0.0054948686510642355,
                0.005413940048109154,
                0.005335034992479804,
                0.005247698827837767,
                0.00520527050659782,
                0.005155316572152162,
                0.005070221745648709
            ],
            "MSE_PREDICTION:": 0.006739294041933586,
            "VALIDATION_LOSS: ": [
                0.07679441881085199,
                0.05031759904096366,
                0.03979986573929194,
                0.032739096588243255,
                0.027154451715094702,
                0.022890670256561073,
                0.01962392805784783,
                0.01700683466538235,
                0.015029698557087353,
                0.013402994267800183,
                0.012121490753753475,
                0.011113473893236862,
                0.010250253711270276,
                0.009555997395956958,
                0.009031434872596668,
                0.008567471595274077,
                0.008146851280181812,
                0.007842904851628989,
                0.00754039656843931,
                0.007269406885835071,
                0.007098407554563391,
                0.006921224690796364,
                0.006759983786041775,
                0.006639888475614565,
                0.00654638030581058,
                0.006495350221832278,
                0.006362154905403417,
                0.0062685611795772,
                0.006203371882143002,
                0.006153094236339841
            ]
        },
        {
            "ACTIVATION": "relu",
            "BATCH_SIZE": 128,
            "EPOCHS": 30,
            "INPUT_DIM": 100,
            "LAYERS": [
                30
            ],
            "LOSS: ": [
                0.17166731147954808,
                0.06915842657799143,
                0.0514582540533864,
                0.03951201001449558,
                0.030806237104050553,
                0.024803215943849547,
                0.020388663133954005,
                0.017182324464587027,
                0.014684791286872806,
                0.012830559526884196,
                0.011383808026971688,
                0.010197508145152797,
                0.009288290749450737,
                0.008560637660131877,
                0.008002349873388687,
                0.007482035819195651,
                0.0070650711496864395,
                0.006739858413719598,
                0.00644758883543965,
                0.006208606010539706,
                0.006017321606198325,
                0.005834944081947479,
                0.005698965198245432,
                0.005568535662085108,
                0.005448695157409032,
                0.005356034337369106,
                0.0052808021856362245,
                0.005230195252100364,
                0.005225506849466344,
                0.005066729539307728
            ],
            "MSE_PREDICTION:": 0.006996137881749848,
            "VALIDATION_LOSS: ": [
                0.08655621578138341,
                0.06323470726372704,
                0.04945022971147583,
                0.03964054287662582,
                0.03248681544311463,
                0.026972819876576227,
                0.022928579981443743,
                0.01976003871747741,
                0.017325179205921592,
                0.01541619383922172,
                0.013885048190476718,
                0.012679685658169172,
                0.011689229251412803,
                0.010818311133515583,
                0.010147722461630428,
                0.009591065901553347,
                0.00911087619840468,
                0.008726124560076093,
                0.00834410155842465,
                0.008030089805464423,
                0.007771974485663195,
                0.007582105246801225,
                0.0073537032696462815,
                0.007208489395047307,
                0.007061145767549831,
                0.006945727679819342,
                0.006918734383015405,
                0.006728229216403431,
                0.006677583006836434,
                0.006605871637701673
            ]
        },
        {
            "ACTIVATION": "relu",
            "BATCH_SIZE": 128,
            "EPOCHS": 30,
            "INPUT_DIM": 100,
            "LAYERS": [
                30
            ],
            "LOSS: ": [
                0.11764753391503026,
                0.052818911292013666,
                0.038799210522501244,
                0.029431224271418557,
                0.02298395479166949,
                0.018426047555274435,
                0.01528231555191928,
                0.012912640647676887,
                0.011217914376082638,
                0.009934420258831726,
                0.008967775486843296,
                0.008217556870212315,
                0.007658914381036998,
                0.007165420747229031,
                0.006788560641663415,
                0.006487884027045713,
                0.006225293728882674,
                0.006022274458692188,
                0.005855309961255265,
                0.005716909361367543,
                0.00559101312559236,
                0.005498315856629421,
                0.005419608481997062,
                0.005362113118763008,
                0.00528861913761055,
                0.0052318247306165555,
                0.00518456875548634,
                0.005131855120182668,
                0.005134053551468742,
                0.00506415450255628
            ],
            "MSE_PREDICTION:": 0.006155834873641207,
            "VALIDATION_LOSS: ": [
                0.06365412800084977,
                0.04771419200632307,
                0.037527450690509154,
                0.03000328930676299,
                0.024309677930262983,
                0.020388514723963837,
                0.01734675064328171,
                0.01490648632484769,
                0.01312727339605175,
                0.01182583604185354,
                0.010729427633698656,
                0.009857399822779434,
                0.00915906329062723,
                0.008608677077585112,
                0.00812094678373012,
                0.007741960077472622,
                0.007422739858172401,
                0.007105638459324837,
                0.0069283195800842745,
                0.006748735373002039,
                0.0065748558611308456,
                0.006427547705689908,
                0.006347986498463249,
                0.0062667034403790555,
                0.006158198564062043,
                0.006107737628555802,
                0.006057766574144205,
                0.00608556913704705,
                0.005999908781556225,
                0.005959365298606889
            ]
        },
        {
            "ACTIVATION": "relu",