{
    "AVERAGE_MSE": 0.011225962367739184,
    "cognitiveData": "zuco",
    "feature": "GD",
    "folds": [
        {
            "ACTIVATION": "relu",
            "BATCH_SIZE": 128,
            "EPOCHS": 30,
            "INPUT_DIM": 100,
            "LAYERS": [
                50
            ],
            "LOSS: ": [
                0.17889657667206477,
                0.05978046495728347,
                0.045985861503303506,
                0.037435239488652336,
                0.030765663570175194,
                0.02572003614925601,
                0.021795650814316146,
                0.01879439210660943,
                0.016384997642963375,
                0.014502049432551239,
                0.013000491641546832,
                0.011782601691491675,
                0.010837374030986033,
                0.009995117962142615,
                0.009281713991721213,
                0.008691973823405346,
                0.008217300413031349,
                0.0078042531401786045,
                0.00743896417028311,
                0.0070943427551819925,
                0.006796100206415542,
                0.006590400241276193,
                0.006338283766427555,
                0.006147320413750546,
                0.005956839167897533,
                0.005785382117490503,
                0.005642112275870024,
                0.005487565847730848,
                0.005392364859169359,
                0.005287058902328435
            ],
            "MSE_PREDICTION:": 0.01100491568617401,
            "VALIDATION_LOSS: ": [
                0.08093234135139354,
                0.05558543543166037,
                0.0471641267951862,
                0.04082076192826181,
                0.035347663004187624,
                0.031246204494750254,
                0.027652074604780436,
                0.02492623346448157,
                0.022743108506425313,
                0.020987758357197323,
                0.019353237984859977,
                0.018136257194221572,
                0.016915968435412206,
                0.016181362165551015,
                0.015380455106656124,
                0.014560550105434738,
                0.014054653591244711,
                0.013528921952735333,
                0.013082675457250325,
                0.012758671102948429,
                0.012330011971140876,
                0.01210081792042902,
                0.01184313527174979,
                0.011589448360018618,
                0.011420473589808152,
                0.011261012387898083,
                0.011151274640301637,
                0.010976386421804162,
                0.010874280963605503,
                0.010748694747744801
            ]
        },
        {
            "ACTIVATION": "relu",
            "BATCH_SIZE": 128,
            "EPOCHS": 30,
            "INPUT_DIM": 100,
            "LAYERS": [
                50
            ],
            "LOSS: ": [
                0.2038320093600747,
                0.06110151155102043,
                0.04529755543953933,
                0.0368447605762156,
                0.030205715069890213,
                0.025317808842899605,
                0.021549227403656425,
                0.018567378861446885,
                0.01628542751488127,
                0.014457901346199632,
                0.013016909010166567,
                0.011815526551078866,
                0.010815292047749992,
                0.009974243238533782,
                0.009345530611639662,
                0.008764682078378508,
                0.008261920421080031,
                0.007845370117123461,
                0.007481276292275525,
                0.007178254182860614,
                0.006901263221341474,
                0.006649355159173157,
                0.006450195986421679,
                0.00626214079994053,
                0.006064990816551231,
                0.005902103979885445,
                0.005772024728032468,
                0.005627261339370616,
                0.00551304838712578,
                0.005421605554955903
            ],
            "MSE_PREDICTION:": 0.011219244124318163,
            "VALIDATION_LOSS: ": [
                0.0821255671865415,
                0.053560528383774154,
                0.044985532128674934,
                0.03906302297446699,
                0.034203017949633145,
                0.03032337463276988,
                0.027225679098625142,
                0.0246080246051018,
                0.022550560443722514,
                0.020640241008727193,
                0.019070220819102892,
                0.01786039719332862,
                0.016821913970787018,
                0.01602297946970036,
                0.015217348959772229,
                0.014517320223094222,
                0.013886409159816128,
                0.013379323230531924,
                0.012957500124579868,
                0.012594204303740138,
                0.012206538975987575,
                0.011936322759361625,
                0.011677456467398472,
                0.01141093258698838,
                0.011227212353733635,
                0.011035043075123135,
                0.010903141380992007,
                0.010793497230982406,
                0.010597530774326088,
                0.010501088513458361
            ]
        },
        {
            "ACTIVATION": "relu",
            "BATCH_SIZE": 128,
            "EPOCHS": 30,
            "INPUT_DIM": 100,
            "LAYERS": [
                30
            ],
            "LOSS: ": [
                0.24454715933881113,
                0.07890833673009132,
                0.056024686874387906,
                0.04617516539700102,
                0.03892299433898913,
                0.03316926470116336,
                0.028517747039615716,
                0.02475383561924485,
                0.021814254711569152,
                0.019375193114866338,
                0.01735982998396927,
                0.01576483542605175,
                0.01440205792839186,
                0.013243381895199273,
                0.012293092172338595,
                0.011465285460704832,
                0.010785306290667115,
                0.010214288742567815,
                0.009691313193286725,
                0.009240714401920262,
                0.008846741736518138,
                0.008528745641081734,
                0.00820970392600565,
                0.007931309592326023,
                0.00770256797861254,
                0.007463402481129879,
                0.007255386350026765,
                0.0070988700162958615,
                0.006913965005102939,
                0.006775279220915976
            ],
            "MSE_PREDICTION:": 0.011154835037761329,
            "VALIDATION_LOSS: ": [
                0.11225505600698658,
                0.06735448036356136,
                0.05624193334666559,
                0.048839712726564295,
                0.04292268565300313,
                0.03802803293911373,
                0.0337693866432584,
                0.030604940324660632,
                0.02778602642799095,
                0.025276989351456197,
                0.02331354299391582,
                0.021635382759490358,
                0.02015399147178221,
                0.018872992539843404,
                0.01779625575832826,
                0.016877577551829757,
                0.016105576088427647,
                0.015308611842399398,
                0.014709144984707182,
                0.01414953185814942,
                0.013709706406979287,
                0.013248429398025178,
                0.012844678355050316,
                0.012468206914605113,
                0.012194971324967557,
                0.01191331178988101,
                0.011659975097921603,
                0.01143803368890107,
                0.011262251406706237,
                0.01105785148360329
            ]
        },
        {
            "ACTIVATION": "relu",
            "BATCH_SIZE": 128,