{
    "AVERAGE_MSE": 0.056736670459544225,
    "cognitiveData": "provo",
    "feature": "IA_DWELL_TIME",
    "folds": [
        {
            "ACTIVATION": "relu",
            "BATCH_SIZE": 128,
            "EPOCHS": 30,
            "INPUT_DIM": 100,
            "LAYERS": [
                30
            ],
            "LOSS: ": [
                0.4632216433820348,
                0.2834399967976745,
                0.1880835049097166,
                0.1397868927766283,
                0.11144696786923024,
                0.09219256332255964,
                0.0796386973667206,
                0.07091159387579504,
                0.06374728912886993,
                0.05814010703594361,
                0.05340646511490104,
                0.04977459125668066,
                0.04666722404225817,
                0.04367062970229119,
                0.041177575829507554,
                0.03863880305357699,
                0.03611817062348383,
                0.03418561949444165,
                0.03245116891355396,
                0.03063859890564944,
                0.02910387108987437,
                0.027662038026732196,
                0.02615479204171109,
                0.024724716793483772,
                0.023541409819423643,
                0.02233573925996113,
                0.02131720158506319,
                0.020302411673612904,
                0.01927524032534498,
                0.01835694913728415
            ],
            "MSE_PREDICTION:": 0.06669115672243406,
            "VALIDATION_LOSS: ": [
                0.3790011410027334,
                0.2624502763764499,
                0.19896178998767514,
                0.16350864894586067,
                0.1407964105067188,
                0.12566292530869785,
                0.11420843658381946,
                0.10497591971126322,
                0.09837133998740209,
                0.09301495909282606,
                0.08901989633498127,
                0.08508516332670434,
                0.08291487109987702,
                0.081640094722787,
                0.07972392317366926,
                0.07760294230833445,
                0.07630938577325377,
                0.07533138561738681,
                0.07411395544058656,
                0.07274276303918395,
                0.07184774898094674,
                0.07159708174940659,
                0.07088733311385324,
                0.06989702949785206,
                0.06889771282264631,
                0.06804096780411184,
                0.06757074757798077,
                0.06686762679521352,
                0.0659329517144863,
                0.06500148579274138
            ]
        },
        {
            "ACTIVATION": "relu",
            "BATCH_SIZE": 128,
            "EPOCHS": 30,
            "INPUT_DIM": 100,
            "LAYERS": [
                30
            ],
            "LOSS: ": [
                0.36482773273927677,
                0.23682016029468328,
                0.16926160201711474,
                0.12925710939318197,
                0.10226091972550642,
                0.08390537246831695,
                0.0715651880841108,
                0.06280144033745877,
                0.055914339342667346,
                0.050832273390648906,
                0.04649863053451885,
                0.042893536912842846,
                0.0397303189833107,
                0.03696174988615779,
                0.03465423089536754,
                0.032548745896021865,
                0.030531346037549385,
                0.02882127189372968,
                0.027243346908795894,
                0.02580060375339989,
                0.024376499356372892,
                0.023073975236425064,
                0.021875086647824196,
                0.020702460632175464,
                0.01967247620250512,
                0.018739741594302205,
                0.017835930373206556,
                0.01701165403129204,
                0.01632409045987125,
                0.015592603715804388
            ],
            "MSE_PREDICTION:": 0.051016711358019565,
            "VALIDATION_LOSS: ": [
                0.32188475213638723,
                0.23549077772114374,
                0.1838050652040194,
                0.14929745417751678,
                0.1250794280881751,
                0.11000571838796955,
                0.09873012657443138,
                0.09002281138545846,
                0.08424875048333652,
                0.07999807494143917,
                0.07589645622527763,
                0.07164649614324309,
                0.0689563318474652,
                0.0673784421731348,
                0.0660630730937605,
                0.06471018120646477,
                0.06366859917363075,
                0.06272748883252274,
                0.061526153951066816,
                0.060658672798986304,
                0.05934416992615347,
                0.058190226554870605,
                0.05710561864384233,
                0.05610951990501521,
                0.055566445452301466,
                0.05531786479157944,
                0.05483406139154957,
                0.05434830374505422,
                0.053971306918418574,
                0.05361726936208059
            ]
        },
        {
            "ACTIVATION": "relu",
            "BATCH_SIZE": 128,
            "EPOCHS": 30,
            "INPUT_DIM": 100,
            "LAYERS": [
                50
            ],
            "LOSS: ": [
                0.44540041787342183,
                0.23101812201084035,
                0.14750420932193153,
                0.10575706366686019,
                0.080274540950156,
                0.0659705288005325,
                0.05730066839509722,
                0.05143918639518589,
                0.046773453915609914,
                0.042885668805798784,
                0.03931028075759039,
                0.03628485201575233,
                0.033519918338665626,
                0.030936157979441752,
                0.028652649024568537,
                0.026585254971557785,
                0.024642028534340818,
                0.023044325142945476,
                0.02139525562460897,
                0.01989697084137547,
                0.018530257298622288,
                0.017232166508957106,
                0.016104649258761525,
                0.015074173771292226,
                0.014045001073112618,
                0.013166810125495925,
                0.012403789917278658,
                0.011649786403616746,
                0.010845722814328572,
                0.010199971386833727
            ],
            "MSE_PREDICTION:": 0.07145076625660567,
            "VALIDATION_LOSS: ": [
                0.31420790618413114,
                0.19006807693879899,
                0.14007825475849517,
                0.1146855622734109,
                0.09980818078125993,
                0.0918177117223609,
                0.08706967879648078,
                0.08433285962841282,
                0.08248593403051978,
                0.0804406346319473,
                0.07880522474034192,
                0.07786990640914604,
                0.07703474949892253,
                0.0759124512950035,
                0.07493089425237212,
                0.07386820161179321,
                0.07293209408039916,
                0.07214114845615544,
                0.07104989069781892,
                0.0705599148489841,
                0.06966875330226062,
                0.06921855452126019,
                0.06806160356492212,
                0.06761590733307682,
                0.06724237497538736,
                0.0665198703334756,
                0.06637804036679333,
                0.0661547957115794,
                0.06561675478946673,
                0.06485395307002002
            ]
        },
        {
            "ACTIVATION": "relu",
            "BATCH_SIZE": 128,
            "EPOCHS": 30,
            "INPUT_DIM": 100,
            "LAYERS": [
                50
            ],