{
    "AVERAGE_MSE": 0.07825738160429767,
    "cognitiveData": "ucl",
    "feature": "RTfirstfix",
    "folds": [
        {
            "ACTIVATION": "relu",
            "BATCH_SIZE": 128,
            "EPOCHS": 30,
            "INPUT_DIM": 100,
            "LAYERS": [
                50
            ],
            "LOSS: ": [
                0.393684894600586,
                0.23193224438346258,
                0.15573719192226596,
                0.11611246924982606,
                0.09178227048502503,
                0.0770532227888687,
                0.06735137722181408,
                0.06019456604673917,
                0.0544666423717446,
                0.049421702567959254,
                0.045207119441301256,
                0.04138055414256483,
                0.03833278261608679,
                0.03538799463956729,
                0.032737459630856024,
                0.030456504806040143,
                0.028127557370602692,
                0.0263175756042481,
                0.024267382436197322,
                0.02278739334226507,
                0.02127222176251894,
                0.019792752897795148,
                0.018327216247897862,
                0.01705881794637973,
                0.0159566781767393,
                0.01475949606441199,
                0.01380251952917269,
                0.012852011133718937,
                0.012038401767562325,
                0.011277756084072249
            ],
            "MSE_PREDICTION:": 0.09056675951331607,
            "VALIDATION_LOSS: ": [
                0.2902270257472992,
                0.20481845631934048,
                0.16326185407345756,
                0.13933519836057695,
                0.12490399966114446,
                0.11546244602977183,
                0.10879698500298617,
                0.10231837538773553,
                0.0974223157554342,
                0.09434295406467036,
                0.09321821284921546,
                0.09178966035445531,
                0.09112001785583664,
                0.09049326351337265,
                0.08943269205720801,
                0.0887592335542043,
                0.08663659621226161,
                0.08588575009714093,
                0.08531418259729419,
                0.0832622674734969,
                0.08228163212014918,
                0.08157995866056074,
                0.08222906905830953,
                0.08328979919876969,
                0.08269971687542765,
                0.08186706194752141,
                0.08108227216360862,
                0.08034010166138933,
                0.07932329230141222,
                0.07920485042166292
            ]
        },
        {
            "ACTIVATION": "relu",
            "BATCH_SIZE": 128,
            "EPOCHS": 30,
            "INPUT_DIM": 100,
            "LAYERS": [
                50
            ],
            "LOSS: ": [
                0.2474954387109534,
                0.15863272293631656,
                0.10875011292850749,
                0.08176713445038424,
                0.06530106376663948,
                0.055080114930409145,
                0.04839958768538778,
                0.04394933570287015,
                0.0398982689030493,
                0.0367714027547338,
                0.03378775199041246,
                0.03133599866259478,
                0.029091874155962823,
                0.027189436449584263,
                0.025300852927749175,
                0.023594413171916774,
                0.022188322596063445,
                0.020738190740789517,
                0.019466298446878874,
                0.01821695150125145,
                0.01701608260661134,
                0.016136353407198576,
                0.015273963003875268,
                0.014347597117544991,
                0.013552994706039906,
                0.012805072901149591,
                0.012106216972646671,
                0.011347595564365322,
                0.010738909868492743,
                0.009989592070487401
            ],
            "MSE_PREDICTION:": 0.05892235597917916,
            "VALIDATION_LOSS: ": [
                0.19050081675512748,
                0.1445493350426356,
                0.11438020514814477,
                0.0961198010726979,
                0.08504164441112887,
                0.07814546765988334,
                0.07288946342049983,
                0.0691922218130346,
                0.06681848774876512,
                0.06524401641728585,
                0.06475235495650977,
                0.06370250462440022,
                0.06331778873215642,
                0.06299746677018049,
                0.06222219451477653,
                0.06139877281690899,
                0.060618413383500616,
                0.06000629505305959,
                0.059778289117834026,
                0.05903051584436182,
                0.058613170395817676,
                0.05830032456862299,
                0.05776677346020414,
                0.05753590689416517,
                0.05710278248839211,
                0.05663642195755975,
                0.055999814745104105,
                0.05597034684921566,
                0.055968184612299264,
                0.05605866583554368
            ]
        },
        {
            "ACTIVATION": "relu",
            "BATCH_SIZE": 128,
            "EPOCHS": 30,
            "INPUT_DIM": 100,
            "LAYERS": [
                30
            ],
            "LOSS: ": [
                0.3468778384910835,
                0.2505716685901631,
                0.1913494567622195,
                0.14890737785742833,
                0.11800920103604977,
                0.09652153847964255,
                0.08123214547778224,
                0.0699304644223098,
                0.06181906355278832,
                0.05547257057585559,
                0.05051592238001771,
                0.04623550756292029,
                0.04300631920059959,
                0.03998340488626407,
                0.037391442543530204,
                0.03514197787249481,
                0.033222852180619815,
                0.031430911248201854,
                0.029833456542301965,
                0.028327696180933126,
                0.026980363593979196,
                0.02560181911256942,
                0.024543800487459362,
                0.023466413408763463,
                0.0224117735011892,
                0.021430491246692426,
                0.02040417515928601,
                0.01948991327004118,
                0.01864573366039402,
                0.017875989604291025
            ],
            "MSE_PREDICTION:": 0.06516034660939804,
            "VALIDATION_LOSS: ": [
                0.2797888444181074,
                0.21968917940792285,
                0.17672814559518246,
                0.14534053363298116,
                0.12268276107415818,
                0.10652449674773634,
                0.09453246389564715,
                0.08608802015844144,
                0.08024445829684274,
                0.0755241362933527,
                0.07244194455836948,
                0.0688738864111273,
                0.0667776022302477,
                0.06499879892196572,
                0.0636019070158925,
                0.062047290174584636,
                0.06124664542444965,
                0.06073340446802608,
                0.05980725096244561,
                0.0590992797362177,
                0.058306920619910226,
                0.057473279470414446,
                0.056719828004899775,
                0.056043385740434916,
                0.05584623076413807,
                0.055640124568813724,
                0.05469856803354464,
                0.054471149909914585,
                0.05399200424813388,
                0.053852613165713194
            ]
        },
        {
            "ACTIVATION": "relu",
            "BATCH_SIZE": 128,
            "EPOCHS": 30,
            "INPUT_DIM": 100,
            "LAYERS": [
                50
            ],