{
    "AVERAGE_MSE": 0.013261338888138564,
    "cognitiveData": "zuco",
    "feature": "nFixations",
    "folds": [
        {
            "ACTIVATION": "relu",
            "BATCH_SIZE": 128,
            "EPOCHS": 30,
            "INPUT_DIM": 100,
            "LAYERS": [
                30
            ],
            "LOSS: ": [
                0.3886277170460442,
                0.11416746974336636,
                0.07689830311130041,
                0.06382997139473051,
                0.05474171571525166,
                0.047187747932722214,
                0.041081130278209296,
                0.03602672749979253,
                0.03188392429457716,
                0.028401255966125166,
                0.02558502930011836,
                0.023182693477490968,
                0.02110387360857379,
                0.019412219908132928,
                0.017923620074849315,
                0.016660827758612957,
                0.015539798530881268,
                0.014610579006627503,
                0.013746545838454024,
                0.012998664955308286,
                0.012371442717241266,
                0.011767022974285887,
                0.011263892200455598,
                0.010772737585614972,
                0.01035125345251279,
                0.009980236981153712,
                0.009638320210463987,
                0.009327304696076972,
                0.009033662959836347,
                0.008780936471854985
            ],
            "MSE_PREDICTION:": 0.016271902949033724,
            "VALIDATION_LOSS: ": [
                0.17122040652880394,
                0.09384744255906416,
                0.07738802194892723,
                0.06818928069840646,
                0.06124350797923989,
                0.05508006116905046,
                0.05000488933491775,
                0.045363072486473505,
                0.04168102321502403,
                0.038335191302336036,
                0.03538600360431675,
                0.033008274811446796,
                0.03091583077159212,
                0.02910077960462079,
                0.027587058513836187,
                0.025978458847476172,
                0.024849557387493205,
                0.023664679214974345,
                0.02257941992115694,
                0.021745855433445527,
                0.020807449694614025,
                0.02012365685904655,
                0.01942253674772792,
                0.018813060015089495,
                0.01821055552170095,
                0.017688255583175744,
                0.017210150969958867,
                0.016828130908756494,
                0.01640570706987245,
                0.016157837004446594
            ]
        },
        {
            "ACTIVATION": "relu",
            "BATCH_SIZE": 128,
            "EPOCHS": 30,
            "INPUT_DIM": 100,
            "LAYERS": [
                30
            ],
            "LOSS: ": [
                0.24251763867069917,
                0.08812913360219231,
                0.06598363914401682,
                0.0541925126013803,
                0.04536955705438041,
                0.038162809722437574,
                0.032527240484188084,
                0.028046481903211528,
                0.02453332089187786,
                0.021709972701407735,
                0.01941695078049533,
                0.017528253817086635,
                0.015994914617994276,
                0.01469964439401576,
                0.013611464410810478,
                0.012700078041596308,
                0.011954237440226868,
                0.011263340407183433,
                0.010654602428847425,
                0.010200491445439478,
                0.00975231397176645,
                0.009369816275712184,
                0.009030261513020367,
                0.008740892766580991,
                0.008472417437092513,
                0.008262944819893328,
                0.008031527953618426,
                0.007834473176509264,
                0.007683729849914442,
                0.007516274621736406
            ],
            "MSE_PREDICTION:": 0.013211761334869232,
            "VALIDATION_LOSS: ": [
                0.11593543917620429,
                0.0754965230854426,
                0.06402453347902509,
                0.05545966780969524,
                0.04856464449722514,
                0.042707072038546005,
                0.03802737512931769,
                0.03427892449794501,
                0.03100232738558089,
                0.02840724044047291,
                0.026008196398137895,
                0.02393661727644211,
                0.022441991374523233,
                0.02108693954482388,
                0.019770156177914493,
                0.018819754240942784,
                0.017937819069186366,
                0.017051729630527545,
                0.016380645985252417,
                0.015701294841453252,
                0.015138051236952447,
                0.01473867050116498,
                0.014274834807901109,
                0.01388811202306919,
                0.0135073337082619,
                0.013237861590493134,
                0.012892313259079554,
                0.012771127293455923,
                0.01243557960939403,
                0.012252405824183526
            ]
        },
        {
            "ACTIVATION": "relu",
            "BATCH_SIZE": 128,
            "EPOCHS": 30,
            "INPUT_DIM": 100,
            "LAYERS": [
                50
            ],
            "LOSS: ": [
                0.15659416981361443,
                0.06072416015114085,
                0.04764711042802042,
                0.03853844883256663,
                0.031827918213505495,
                0.0265665760944657,
                0.022605197021156428,
                0.019499479310503727,
                0.017136093501265177,
                0.01527625363007403,
                0.01376431198109149,
                0.012555384161450384,
                0.011596326906459098,
                0.010745221583630456,
                0.010117412546280765,
                0.009505616948128045,
                0.009010137662635441,
                0.008602497755957996,
                0.008298767787691341,
                0.007957194777276294,
                0.007691920076825045,
                0.007416096480765449,
                0.007239960591557579,
                0.0070421851775886975,
                0.006868066358547827,
                0.006707464044953817,
                0.006559931661905776,
                0.006445551627469777,
                0.00634644764749892,
                0.006168289385676899
            ],
            "MSE_PREDICTION:": 0.012551715796918174,
            "VALIDATION_LOSS: ": [
                0.0744346389261553,
                0.06037444144444897,
                0.051395726778510634,
                0.04429016815112135,
                0.0385949173497457,
                0.03407983696957783,
                0.030402898591964992,
                0.027421633827786146,
                0.025043111599859644,
                0.0228143063196627,
                0.021158572786878622,
                0.019644466492314893,
                0.018400277010432668,
                0.01738727538556349,
                0.016615600721460535,
                0.015791136943366767,
                0.01521829764225274,
                0.014743837104421256,
                0.014144741480005739,
                0.013847014044311245,
                0.013404797838306478,
                0.013255286722823032,
                0.012876389618546131,
                0.012664405956296138,
                0.012451456571615175,
                0.012292895482684448,
                0.012110906742720287,
                0.011986292899982553,
                0.01198193357085128,
                0.011807236827097445
            ]
        },
        {
            "ACTIVATION": "relu",
            "BATCH_SIZE": 128,
            "EPOCHS": 30,